bug.id,revision.id.buggy,revision.id.fixed,report.id,report.url
1,2608220ef704f6bd5559cfebbaba4e7b154150a6,07ea8e7fa2c0df6cc334cfcbf59cadae4d3b40a2,lang-2,https://issues.apache.org/jira/browse/LANG-2
2,4e3962a6e4052ad9053cc5a7668fd03067b44a30,8b34e1dffc5d91f585f361913c3d8143e2dcfcc4,lang-2,https://issues.apache.org/jira/browse/LANG-2
3,8b34e1dffc5d91f585f361913c3d8143e2dcfcc4,7fedb2b1cc7520fdef06637eabad62f6cdeff01c,lang-2,https://issues.apache.org/jira/browse/LANG-2
4,7fedb2b1cc7520fdef06637eabad62f6cdeff01c,f74b10ecada098f642ce1c6b67fa674455881096,lang-2,https://issues.apache.org/jira/browse/LANG-2
5,f74b10ecada098f642ce1c6b67fa674455881096,fac4f8d2d6c980440cbf582f3e0bfff3055aab3b,lang-2,https://issues.apache.org/jira/browse/LANG-2
6,30c4f3890d8ddc97644f30485e7617d9b39f2808,22aeaddb5eccbc65f921a8d954df0689de3033fc,lang-2,https://issues.apache.org/jira/browse/LANG-2
7,a8a5bea553417863fda212e6516a2175f20caa5b,bc218db61cce03a5facfc1e7130af8579367bba7,lang-2,https://issues.apache.org/jira/browse/LANG-2
8,37b370c114440614bc44d019f07b837a22d5a0e4,80e957ecc44a5f0404baeb0f36484e4d560e7bce,LANG-261,https://issues.apache.org/jira/browse/LANG-261
9,d13e4b12f3c6df3b5cab55744baa2664ca276e33,30753fb56abd09379d29e94dafb31cf17be44f94,LANG-140,https://issues.apache.org/jira/browse/LANG-140
10,30753fb56abd09379d29e94dafb31cf17be44f94,b7d3fd9e4d435eb155570f326e8c799ead6c1901,LANG-140,https://issues.apache.org/jira/browse/LANG-140
11,d3c425d6f1281d9387f5b80836ce855bc168453d,cac478de5157f5cb31b6669c477a9dc760f1e5bb,LANG-264,https://issues.apache.org/jira/browse/LANG-264
12,cac478de5157f5cb31b6669c477a9dc760f1e5bb,b01434196523fc67daa5d9379c4465b68961fd53,LANG-100,https://issues.apache.org/jira/browse/LANG-100
13,594ec5482d10e52464313b2e1fc61ae9b787cb24,7f8f3da321c31cf285a40501d43bb2e97cba7b01,LANG-66,https://issues.apache.org/jira/browse/LANG-66
14,7f8f3da321c31cf285a40501d43bb2e97cba7b01,9c2f070f611bd7cbc4454edc914b0b57c36b01aa,LANG-66,https://issues.apache.org/jira/browse/LANG-66
15,9c2f070f611bd7cbc4454edc914b0b57c36b01aa,81340ea32f313fba0f0d5ebba9a600d96af17cc9,LANG-59,https://issues.apache.org/jira/browse/LANG-59
16,6e041ae62f6f9aa9e2eecd6e1d6e508eb8afd43b,33c8a328305592d5998ade8241d19fd65573e627,LANG-272,https://issues.apache.org/jira/browse/LANG-272
17,33c8a328305592d5998ade8241d19fd65573e627,b9b6b027db0cbfbe3973fa74af3aebec4647cfd9,LANG-272,https://issues.apache.org/jira/browse/LANG-272
18,b9b6b027db0cbfbe3973fa74af3aebec4647cfd9,71910e6e4d67edb36deeb54d957c31c604fd9769,LANG-272,https://issues.apache.org/jira/browse/LANG-272
19,c62bd307657aab6bf4be06e5c4c232195f6620f9,9cbf70d82285d7ebdd190f7cd59f2a9d82a09c61,LANG-59,https://issues.apache.org/jira/browse/LANG-59
20,69b1599585515588ebe7eef0df9f00854122b620,e6cde16e0a10771a6f9b82678ca4d5835207578c,LANG-271,https://issues.apache.org/jira/browse/LANG-271
21,d9c6932a6e2b27d56ebb665c152f9f7dca759a8a,07b7795b336b301def8a7dc6059c8e616ce5582e,LANG-259,https://issues.apache.org/jira/browse/LANG-259
22,d829770690b130316a1e0471ff0d107acd461cdc,462a89b82ee3e5fd5d6f69289297f77df83f689a,LANG-277,https://issues.apache.org/jira/browse/LANG-277
23,66704164a0152a40cb8d72d5524af365ff34f083,ba57d261f1dfa1926e6bea34726e396865b0411c,LANG-278,https://issues.apache.org/jira/browse/LANG-278
24,8c71182f376f88df611ead6f7066b84fe71c19f8,4b25008ec5afc550231c4b0032bd9a581d51ee36,LANG-59,https://issues.apache.org/jira/browse/LANG-59
25,4917cb719f1d721cda63cba694379881e11d35e4,d032bda7e5df72b4befcfc4d9e068d0bc80b1dd5,LANG-279,https://issues.apache.org/jira/browse/LANG-279
26,9926c441aefc148b08a5a3ef077097cefcc3f16c,116463ba4f988ad7dda289bf6e2ff53c6570f0ef,LANG-262,https://issues.apache.org/jira/browse/LANG-262
27,116463ba4f988ad7dda289bf6e2ff53c6570f0ef,b33bbaa7c84bcc8a5ccaac35cfe4a42b8558add8,LANG-279,https://issues.apache.org/jira/browse/LANG-279
28,e91541fcbd89dc0567281127c950a8d9ead7189b,1d5c03fac601d6ce291c3fe3e5e51a11881e2fc0,LANG-281,https://issues.apache.org/jira/browse/LANG-281
29,8fde2caf64c323eb0422f7547de14ca7b1ee7a54,d8b6f5b5c6b92adff8965ab634b672e7b333f583,LANG-292,https://issues.apache.org/jira/browse/LANG-292
30,d8b6f5b5c6b92adff8965ab634b672e7b333f583,8e52e2169b20f7bc3c6c520d4f0c98e5bf06b076,LANG-294,https://issues.apache.org/jira/browse/LANG-294
31,8e52e2169b20f7bc3c6c520d4f0c98e5bf06b076,1a158281aa058ee2dc9cfae3b56012a9f92f3b2b,LANG-295,https://issues.apache.org/jira/browse/LANG-295
32,aaaa779108e445c028e91372a8c8709c7746cf72,9b0b19a9162ae8d217b06716962b982703ab4d1b,LANG-299,https://issues.apache.org/jira/browse/LANG-299
33,868dd284443b6f950a2f360b0422dbf09a599ae9,15360774099b2a7230e020751acdf6979b6e3f58,LANG-300,https://issues.apache.org/jira/browse/LANG-300
34,848a8144bc42fddbbc466a38a897f5c09f0d49e2,cf20d13c64da51becd1351befe02a06144fd6fc1,LANG-304,https://issues.apache.org/jira/browse/LANG-304
35,b57c699e69b3801684cd5faf7a3f14c552e5cb92,815f63670e01b7d443035419262c9eb3538cd672,LANG-302,https://issues.apache.org/jira/browse/LANG-302
36,c47d6ce5343fbe1807c2c927bfb10a4792a43ff9,e9e167f9ebc7a73c5847745688ae127ecff6e2b1,LANG-303,https://issues.apache.org/jira/browse/LANG-303
37,e9e167f9ebc7a73c5847745688ae127ecff6e2b1,6847ebcf5e81ae272d0ff1829a6bb5aab3f9f64a,LANG-303,https://issues.apache.org/jira/browse/LANG-303
38,a9ff534b3686e649062b04ad519a9e8b09a9f76c,640d7cf079ccdb35d92d2c598cc9502124635520,LANG-301,https://issues.apache.org/jira/browse/LANG-301
39,a1dcdfa2a634ad418c2f82a657ca029313a81070,0e07a3b09931406bfbd7653182b937d8e23d2d66,LANG-102,https://issues.apache.org/jira/browse/LANG-102
40,cd6d6bb580ec48e3bb0afd1445774fb118dcc889,a1cf642b8d2789a3c6258f543b7e7b5fabc44502,LANG-102,https://issues.apache.org/jira/browse/LANG-102
41,801f084e8e61722924395f9cac3868e9b2f6ede3,87ee821a5d73b836d89203e15cec2ea86cbe2992,LANG-313,https://issues.apache.org/jira/browse/LANG-313
42,87ee821a5d73b836d89203e15cec2ea86cbe2992,ec4a0fdfac5f8e27aec46f9e04a255cf31b40686,LANG-69,https://issues.apache.org/jira/browse/LANG-69
43,71f6a5a117e07f6ef19f09f489f595368533bf1a,3e718fdb1bbca377d6b698d49b1e70ee9834aebb,LANG-314,https://issues.apache.org/jira/browse/LANG-314
44,3e718fdb1bbca377d6b698d49b1e70ee9834aebb,98630c6d43a7e7f5e4f4e53884ab696bf3d8e5ca,LANG-314,https://issues.apache.org/jira/browse/LANG-314
45,de4952beaffe469b05f545b90344675e1889cb48,b16235ad108c4fcdb7117493394d26d2f0faeace,LANG-315,https://issues.apache.org/jira/browse/LANG-315
46,b16235ad108c4fcdb7117493394d26d2f0faeace,406a86f4f3f964b8c20e0c8458e14220fbd5b7aa,LANG-315,https://issues.apache.org/jira/browse/LANG-315
47,6c0c39eb4d49d63992e299561801512a8ea37247,1b19377446a14622ac5d05c3f8d7dd9c8e5ef15b,LANG-320,https://issues.apache.org/jira/browse/LANG-320
48,77a3c20bc0f30ca44f30aadad7f8ef0bc2528d0b,75d931a3264b73caa9cdd7d3373375cc33008ddf,LANG-328,https://issues.apache.org/jira/browse/LANG-328
49,2dfca4a424fe60e2bbb99cf5e0a5f9352142cc08,050fe8e916507c9716983868284d64e58c1b56d2,LANG-346,https://issues.apache.org/jira/browse/LANG-346
50,2730ae5394f74268d01bda5a0489ea3204744b9f,7fc38e82ece99ff4043626ba19b293fc7af86264,LANG-342,https://issues.apache.org/jira/browse/LANG-342
51,2ca0eff93cff4f4897d9346fe52fa59961f73352,60fe05eb7a32a4a178f4212da6a812c80cedce82,LANG-334,https://issues.apache.org/jira/browse/LANG-334
52,bb7110e108f0ba4853070e1a5329ad5b2824b4f1,1cc66e3095828e364dd87721cf8b42636e35f011,LANG-361,https://issues.apache.org/jira/browse/LANG-361
53,1cc66e3095828e364dd87721cf8b42636e35f011,ed7e9b43494e490a51c25c410b2950005fd685ea,LANG-364,https://issues.apache.org/jira/browse/LANG-364
54,ed7e9b43494e490a51c25c410b2950005fd685ea,c22d9d59e5b86c33f91d7fa93d71cdc514c2edd9,LANG-363,https://issues.apache.org/jira/browse/LANG-363
55,c22d9d59e5b86c33f91d7fa93d71cdc514c2edd9,9da40ba6b5bcc7b6071fa7fe11eaeb1b97e53d81,LANG-353,https://issues.apache.org/jira/browse/LANG-353
56,9da40ba6b5bcc7b6071fa7fe11eaeb1b97e53d81,796b898281af571a510d96487dcd95699ac1e435,LANG-365,https://issues.apache.org/jira/browse/LANG-365
57,43cf3f491e7b9b42dc4a5fa4d7bc00cef1d38f7e,127e6e338f088b82eea1967d31c1abf8d51a364f,LANG-368,https://issues.apache.org/jira/browse/LANG-368
58,127e6e338f088b82eea1967d31c1abf8d51a364f,72f88548f894fc941bc847a27a4b451c6d97b255,LANG-367,https://issues.apache.org/jira/browse/LANG-367
59,4a76e1879790126ffcd544d3f4051a70407c866c,f58c863e0b0e50aab6a86f5f7a63f24f16f5d92b,LANG-353,https://issues.apache.org/jira/browse/LANG-353
60,f58c863e0b0e50aab6a86f5f7a63f24f16f5d92b,9926e31ac18525994b8a6866e2437d975f710bf0,LANG-353,https://issues.apache.org/jira/browse/LANG-353
61,9926e31ac18525994b8a6866e2437d975f710bf0,ba320a3bc75cc4754bbf8157bf21c237589d7b17,LANG-369,https://issues.apache.org/jira/browse/LANG-369
62,e220a58ff2d8017cc8b378e36e92695af30a71e7,659b20c0375b574a5d2b9e14f66c975405bfee42,LANG-360,https://issues.apache.org/jira/browse/LANG-360
63,659b20c0375b574a5d2b9e14f66c975405bfee42,f7a005e41b55215aa91c0fd244878f0fad11ec53,LANG-372,https://issues.apache.org/jira/browse/LANG-372
64,f7a005e41b55215aa91c0fd244878f0fad11ec53,930b389bac634e55f2ab7b255b5d7da5f6750057,LANG-372,https://issues.apache.org/jira/browse/LANG-372
65,833e5bbd076bb84f5b93d52daad1ce0b7adb07b1,272ca375e3844e7ba13bd0290783121a60775c99,LANG-376,https://issues.apache.org/jira/browse/LANG-376
66,92c1e884cbd43b108ae0fe3cc530cad298cd8924,deae2ba23824971dea68c2aee5648a99d9cf1856,LANG-380,https://issues.apache.org/jira/browse/LANG-380
67,b124f18766f51c51d48631b4469579b7c3216884,dab1bdfc0fec1d45def7d4e4870dc207bd954686,LANG-380,https://issues.apache.org/jira/browse/LANG-380
68,dab1bdfc0fec1d45def7d4e4870dc207bd954686,673385b43d0d5783039242460ba1c12b3f1f4e92,LANG-380,https://issues.apache.org/jira/browse/LANG-380
69,e53cce977ede56d46cb74dd3236d2e0952ea40dc,f237b96638f519288d6ba07056b45d69c7e1f505,LANG-385,https://issues.apache.org/jira/browse/LANG-385
70,ea4ce1628920e69f9474157e0a31e3250ee2ef48,bee5b923c54e59f877d392e35cb04ab62484c723,LANG-381,https://issues.apache.org/jira/browse/LANG-381
71,535546eb38cce709130e37e9d7781b66dacc83dd,d3e28b68028d11b310ba51e0a783182b31db2d6c,LANG-399,https://issues.apache.org/jira/browse/LANG-399
72,97f1c120c092916f2f95439b6440a8977c66ee0a,e199d381f8c199801fee2d40a7f3ea1380700631,LANG-393,https://issues.apache.org/jira/browse/LANG-393
73,2e8e3f46ba0a41d95c38875cf6a7153816262123,1fe5439baf32af2114958e3cfc3512bd72c84773,LANG-412,https://issues.apache.org/jira/browse/LANG-412
74,1fe5439baf32af2114958e3cfc3512bd72c84773,5cbca4d5f5a2acfc92670e2bbe46491c442c4234,LANG-410,https://issues.apache.org/jira/browse/LANG-410
75,7066ec40d6660023bd5388efa8adcc211049dbb4,bb8b6f4b0c54f25024b17d1f2abcd4bb98289983,LANG-418,https://issues.apache.org/jira/browse/LANG-418
76,65b5dc69db3bfd08b4392dcee16fa0542b097812,dd0deed066e728d7b09e5fd69855c5ad7bf6bdb4,LANG-421,https://issues.apache.org/jira/browse/LANG-421
77,e0da000caa33b68fb9c95747f3291da12c2b5749,585e4c6eb3a49dbbd18f39acc4c94d5d64100eff,LANG-436,https://issues.apache.org/jira/browse/LANG-436
78,04f767b393b5849185f4ddf8f7ae8fc0b255e9bf,4342bd5d69d122a16c735416039b4b2ca27897ad,LANG-419,https://issues.apache.org/jira/browse/LANG-419
79,4342bd5d69d122a16c735416039b4b2ca27897ad,e1981a5d7be894993549cfc9ed03ab1527d7b634,LANG-302,https://issues.apache.org/jira/browse/LANG-302
80,e1981a5d7be894993549cfc9ed03ab1527d7b634,8fc1df022706e6e4530ef4d0bc3cf05433c8323a,LANG-432,https://issues.apache.org/jira/browse/LANG-432
81,bc19f7f94cdab655926a13d87f58b18439860798,b57e9b6fd4d496329ec540f3714dc1ca18138aad,LANG-442,https://issues.apache.org/jira/browse/LANG-442
82,b57e9b6fd4d496329ec540f3714dc1ca18138aad,08c4a79f5cc33936af98b96dff9ce63bdaa89677,LANG-440,https://issues.apache.org/jira/browse/LANG-440
83,08c4a79f5cc33936af98b96dff9ce63bdaa89677,db5c7106a44107b94332ee6844514b003f538a51,LANG-440,https://issues.apache.org/jira/browse/LANG-440
84,6f27e9bbd119e419fa417b9446abe7aae0fb9624,3ed99652c84339375f1e6b99bd9c7f71d565e023,LANG-459,https://issues.apache.org/jira/browse/LANG-459
85,3ed99652c84339375f1e6b99bd9c7f71d565e023,fa436d849d61af287341e329f03ea6c16b405cae,LANG-460,https://issues.apache.org/jira/browse/LANG-460
86,17f1d2951fa7840fda6e33c8ed51cee292c60114,9d8846081ae80d36ca8da223dac2d1e116b0af33,LANG-463,https://issues.apache.org/jira/browse/LANG-463
87,9d8846081ae80d36ca8da223dac2d1e116b0af33,0d0061f247b9c28b59b1af7e7a10def74718ac94,LANG-457,https://issues.apache.org/jira/browse/LANG-457
88,a6a2d04877d91a4c7cfff889bb64e2627ca60994,b1e8a26177324ece7c786da8cd063076bc131ea1,LANG-468,https://issues.apache.org/jira/browse/LANG-468
89,eb8b39b145d863e8fca833c13479e466ad405c61,a38e2e942d622c1a84ed35bedb9aba045db7ab79,LANG-477,https://issues.apache.org/jira/browse/LANG-477
90,00fee20efcd5d1e79cfcac501f19f2163a34fd09,c0683957931ffa3df218ff68ca31e257174a6466,LANG-480,https://issues.apache.org/jira/browse/LANG-480
91,c0683957931ffa3df218ff68ca31e257174a6466,ef718fccdf9c952935f3e8ddaf1b2cb6b56cb17d,LANG-478,https://issues.apache.org/jira/browse/LANG-478
92,ef718fccdf9c952935f3e8ddaf1b2cb6b56cb17d,cb8a0d43eade243f6bcfb391bb5865b0d49366e0,LANG-478,https://issues.apache.org/jira/browse/LANG-478
93,c57a47f9cca4ec1e443993f64f641cf8b687d119,e8512544ed84787dec4340dc2cfcff86ec24da3b,LANG-369,https://issues.apache.org/jira/browse/LANG-369
94,0331f1e5b62feac6500eb2e76124f20f9aa36aae,0bfa6b451ea7fc307904d0d27f853354a60bd4ba,LANG-339,https://issues.apache.org/jira/browse/LANG-339
95,0bfa6b451ea7fc307904d0d27f853354a60bd4ba,dff12292a01ee4f03e6f0bf318087790e325220f,LANG-421,https://issues.apache.org/jira/browse/LANG-421
96,d836af99d265ab95d4c5550f44d0830499598e59,62aef1a558a21c8354bce60254329ba60b69f191,LANG-474,https://issues.apache.org/jira/browse/LANG-474
97,02f510c2043c1e25cc412777ecc2e3e4f648316c,ab66a1d87cc37e41940bfde98a55066c35ca0f75,LANG-481,https://issues.apache.org/jira/browse/LANG-481
98,bb8709f3e30e7c13530dfef458a4c370783de2be,2dc56182579703153e5c9886b3ecd22bbc348b49,LANG-535,https://issues.apache.org/jira/browse/LANG-535
99,7d3fbbfd43ec66fab190b29db9f7e157791de37f,711e204e73f24e32acb3727a5d9d3b351b6639d1,LANG-432,https://issues.apache.org/jira/browse/LANG-432
100,61800cce67d1dc1c9d3096d631541283e21ef664,d55299a0554375f3f935a0ff85bd2002faa2ec55,LANG-487,https://issues.apache.org/jira/browse/LANG-487
101,bf626b85ba69501c4b9d75f1473b9083872b31f3,77e3dcc393f7388b0c747c2483aa57ba3510230f,LANG-487,https://issues.apache.org/jira/browse/LANG-487
102,a3e3a0b08ff2d44398e072cb789efc9fa86cface,de820ce1898aec8e7d047b41cb7a11e5239de297,LANG-487,https://issues.apache.org/jira/browse/LANG-487
103,56463552475746e982e46f54c1b18487ef434c17,9adbbb0bbfe1d76549dd8b6704f183dacb1de29f,LANG-393,https://issues.apache.org/jira/browse/LANG-393
104,dafb8e85dcb76a299c6add11ecb62acf702d6c2a,56550bf2779990da78d2bac1d8287c8a693c6e4b,LANG-552,https://issues.apache.org/jira/browse/LANG-552
105,8f80cedd8c41c7d2163a1be04033a1b2e36ea06e,db9b110a7e968bbd585380e4d9289ab56f965fd0,LANG-564,https://issues.apache.org/jira/browse/LANG-564
106,91ac16e0b4a74b437d86c2dd7a47272105b4317c,825481f019e4482e5ea74d5b0b5e5c438535cb68,LANG-538,https://issues.apache.org/jira/browse/LANG-538
107,825481f019e4482e5ea74d5b0b5e5c438535cb68,1b85d8ba9e7bea6e4c7742b57bf71c38f1bf0a27,LANG-530,https://issues.apache.org/jira/browse/LANG-530
108,eb2b517b466efb38d591be80728924fb22745333,2f8f67ab2939f1c23f09c8764e04ea2da0479332,LANG-567,https://issues.apache.org/jira/browse/LANG-567
109,fd7450f301d0fd47892c6d9ee4b2cf6b7197d272,ed3d84438bd4a2fed15926c31ef23f63df977cf4,LANG-568,https://issues.apache.org/jira/browse/LANG-568
110,ed3d84438bd4a2fed15926c31ef23f63df977cf4,8fdfbff87c84f2005eb8fed6939e5fa835315113,LANG-568,https://issues.apache.org/jira/browse/LANG-568
111,8fdfbff87c84f2005eb8fed6939e5fa835315113,e5ccf096569244af25820f7d8d94893fff00ce8c,LANG-538,https://issues.apache.org/jira/browse/LANG-538
112,e5ccf096569244af25820f7d8d94893fff00ce8c,352a4ef2a35a1e7b446056738667147a3de3a316,LANG-567,https://issues.apache.org/jira/browse/LANG-567
113,352a4ef2a35a1e7b446056738667147a3de3a316,5739bba3eb84dea3ec3d888bacd28667c9a992de,LANG-568,https://issues.apache.org/jira/browse/LANG-568
114,506bd018b3ca638cd0c9d1bdad627f6468a05bee,26bc3fe010d5154d3ccac526ec22c429fc3af499,LANG-521,https://issues.apache.org/jira/browse/LANG-521
115,2493294550277183d859dd20dd9489069fc749e2,72e4ab4b004482fa709de9c4c951ae9485ff1ea3,LANG-494,https://issues.apache.org/jira/browse/LANG-494
116,8d518b77862b11c5fe074540e86c6a835ba01be4,5494a87bbb6d6b6f0d176d0c93e4f25718ed3c2a,LANG-575,https://issues.apache.org/jira/browse/LANG-575
117,86e893cc6dded5eeb6f8bcf9f6c26bef8d3f4441,9a5da72bbfa659d2c4897f4454ddd8ceef13a8e3,LANG-581,https://issues.apache.org/jira/browse/LANG-581
118,a7b7e114617d2e6bda2efdce17a01e78d2629579,491a1d6e885c8e13d355b465942c2c6bdf1ed735,LANG-581,https://issues.apache.org/jira/browse/LANG-581
119,8860c37b9d2b5467e7527ff41c01eee34e583a82,a5dc7f1e68f735d0f989a10c521bbc0f6c1ef3ae,LANG-481,https://issues.apache.org/jira/browse/LANG-481
120,a5dc7f1e68f735d0f989a10c521bbc0f6c1ef3ae,54c0f6ba9e6555146d0dad51bcb5c4ec581e21da,LANG-571,https://issues.apache.org/jira/browse/LANG-571
121,54c0f6ba9e6555146d0dad51bcb5c4ec581e21da,b777356fa3d779ae7bc73e61dc091c7c9e775900,LANG-564,https://issues.apache.org/jira/browse/LANG-564
122,13bdd203ce73b538c3fbda8e3b83cda08c3e850b,01067903aaa19b633836728922c5c215c4f9b5f4,LANG-571,https://issues.apache.org/jira/browse/LANG-571
123,01067903aaa19b633836728922c5c215c4f9b5f4,6913747d7d3cb4ec3d32b8bf85fd34061e306210,LANG-481,https://issues.apache.org/jira/browse/LANG-481
124,8ea4582e2c0f6175bc23e3b37cf42dd9e41fdf3d,1c5b51d6a670cbaca5879d2d5ac11531627d5161,LANG-584,https://issues.apache.org/jira/browse/LANG-584
125,23f508095004cc7215cdd6fc4b15e8d6192f8d1d,6c53b134b66d9670114247b022b25a60969900e9,LANG-585,https://issues.apache.org/jira/browse/LANG-585
126,6b4cb166081e019b87cd2b5a273a1567d3aff545,63ad5b063eab2a38de5b37c64b1a692a749a030f,LANG-585,https://issues.apache.org/jira/browse/LANG-585
127,c98d0840bcd96c7c4dd79d6299f0429c45a476ee,5c3ec55e15922c58bb2f39145de9fe641840bb50,LANG-586,https://issues.apache.org/jira/browse/LANG-586
128,5c3ec55e15922c58bb2f39145de9fe641840bb50,a2bb711aee6621b21cdd22e6d7e4bff2f7236235,LANG-586,https://issues.apache.org/jira/browse/LANG-586
129,5d5a31a8274ff7e8219ee87fdd15b48c2184ccc0,8f675dd3cbfb8f552bdbbe1cfc646ba5b367983b,LANG-587,https://issues.apache.org/jira/browse/LANG-587
130,2fb9e71da695f4ffc1d390209944399b12c53a5d,1f35e7c99b66b8d46c4ad96558e694a10aa38062,LANG-586,https://issues.apache.org/jira/browse/LANG-586
131,10cc16fe820d9c9a9acf66a717ad1d7ea4afaa4b,1b5c1b43711f155e8431a5eaf23ff9941760ae61,LANG-589,https://issues.apache.org/jira/browse/LANG-589
132,7cfa8a932869b98c3737f4ed41312d92eb50d636,7f23ec3d90422fbc36b7d78f399562686ff6c2eb,LANG-602,https://issues.apache.org/jira/browse/LANG-602
133,8a8859cb88a49a8b967217bfc1daafe0805e7c86,1ced894df70d66f3a786c2c8cd6e23e0d4263d91,LANG-607,https://issues.apache.org/jira/browse/LANG-607
134,79f7a7ef529ae656a80f7e331f75e79999cef7ea,bc52782cd84f4356d2984e1aa01806f81754eb08,LANG-607,https://issues.apache.org/jira/browse/LANG-607
135,cfff2579f5cd4e92c46f8790b9185a45e91fd783,1a60c21395fe7648188d1c91f62ac7baefa12742,LANG-606,https://issues.apache.org/jira/browse/LANG-606
136,2241a1abc9615c7b92206afb5026ef21d405175a,b24ecd60fe9517bef1d6342e479e9bc3d85ef692,LANG-624,https://issues.apache.org/jira/browse/LANG-624
137,b24ecd60fe9517bef1d6342e479e9bc3d85ef692,2d9a9ae59fd3b753e05903f63641eff1203f1bd1,LANG-624,https://issues.apache.org/jira/browse/LANG-624
138,2d9a9ae59fd3b753e05903f63641eff1203f1bd1,eb79f7c6f37d0d9c4d9252b1020bc19a617a4d23,LANG-624,https://issues.apache.org/jira/browse/LANG-624
139,590867417dd3fb1e33ccbf40ad7a941dc4bf0861,c0041cafc2fda3fb437009d5417ba5ebeb32ad35,LANG-617,https://issues.apache.org/jira/browse/LANG-617
140,c0041cafc2fda3fb437009d5417ba5ebeb32ad35,bef3eb6ed060d5ae14da6ce5a1909675b8cf5650,LANG-617,https://issues.apache.org/jira/browse/LANG-617
141,bef3eb6ed060d5ae14da6ce5a1909675b8cf5650,e0020ed3d62061835c0ff70853ccfde21ae50ae3,LANG-623,https://issues.apache.org/jira/browse/LANG-623
142,e0020ed3d62061835c0ff70853ccfde21ae50ae3,3abcada25b07f378a09d2f233cab8e2884ecad2b,LANG-628,https://issues.apache.org/jira/browse/LANG-628
143,5e9fd18a887eb071a42983a8c6df1ae3062f3a88,2055022644c738d77c910cb4737f05f823e29dff,LANG-631,https://issues.apache.org/jira/browse/LANG-631
144,2055022644c738d77c910cb4737f05f823e29dff,26cc12705ef31fea0c64fcee0305a8712e7fb30b,LANG-628,https://issues.apache.org/jira/browse/LANG-628
145,0a7381942ca183a63750cdcdcad6a6ac5c9aa95d,76c250987d52f4a956c6e617aea3481037bdf71f,LANG-630,https://issues.apache.org/jira/browse/LANG-630
146,05fbbf646dd2af475b9d45409a54f26d2992fe29,731c0040fe325d143d2edc24606d20791c8e2748,LANG-635,https://issues.apache.org/jira/browse/LANG-635
147,bbcba273ad4322e76a90bcb867cbea108134717c,50c1fdecb4ed33ec1bb0d449f294c299d5369701,LANG-638,https://issues.apache.org/jira/browse/LANG-638
148,80057a6f04dbfc89ad446f794e7c9cba4b95fe1c,782e48d8e0d201c5c6d745cf4ebd8f11225e8c5e,LANG-643,https://issues.apache.org/jira/browse/LANG-643
149,c544542bdad4b55b9244255235a7e34385d6405c,1db9c37e95112a2b796e8d58253f48de8f4816c0,LANG-643,https://issues.apache.org/jira/browse/LANG-643
150,1db9c37e95112a2b796e8d58253f48de8f4816c0,f7f19a3d2f98f48924d38fec2308dc3db83445d8,LANG-596,https://issues.apache.org/jira/browse/LANG-596
151,f7f19a3d2f98f48924d38fec2308dc3db83445d8,14a0cc2a9baf84a97348263975082ef3857daf97,LANG-645,https://issues.apache.org/jira/browse/LANG-645
152,4870fd13a29741b18dd428cf3d43192db5799416,8c19964d550de8c0cc11bfb4de33f07b1f9259b0,LANG-629,https://issues.apache.org/jira/browse/LANG-629
153,80a39fba9b1df6b208e57f4dea84c0f24e311a82,c5710ced50246219302de8e52754efbcd12380e7,LANG-656,https://issues.apache.org/jira/browse/LANG-656
154,2658d6911f4869e04e6decb8eec238d32e9923d7,a28a5c875f333849579a95ec29804f4bdb77e925,LANG-659,https://issues.apache.org/jira/browse/LANG-659
155,a28a5c875f333849579a95ec29804f4bdb77e925,c8c7a0c491f3b18f086f10809ffb11ab7f02db52,LANG-658,https://issues.apache.org/jira/browse/LANG-658
156,44dbf85b6a7156d550ba62210412015058336281,dd5f8ea30755268dc43bbf2cd5024412674eb1b0,LANG-658,https://issues.apache.org/jira/browse/LANG-658
157,bebf1a53f744bd591c692ef2b721bd28078bb029,5ad967885adac9bffb6cc693812507aef717221d,LANG-666,https://issues.apache.org/jira/browse/LANG-666
158,7e818c5afa29425a455b858f6acdee6606ed7a0a,c02c326324804e04d49c99d2ff6750dca9a74ca6,LANG-666,https://issues.apache.org/jira/browse/LANG-666
159,c02c326324804e04d49c99d2ff6750dca9a74ca6,7df70a8c6b14452767ac932a14640e32a1dc16da,LANG-658,https://issues.apache.org/jira/browse/LANG-658
160,7df70a8c6b14452767ac932a14640e32a1dc16da,8e2f4ddb9a1ecd7a1bf7d752c2c891d630287036,LANG-664,https://issues.apache.org/jira/browse/LANG-664
161,66e42dc8b43d37ff011de69586f8e6764c4b3164,249788d799ca1c3964062bdc5c19a51ecc05c2f7,LANG-636,https://issues.apache.org/jira/browse/LANG-636
162,7e8d044b7b8c6d2786a88f416d17eed2f472445c,2270d830fda743de1ce8a61e33b9542cb39a0f4b,LANG-662,https://issues.apache.org/jira/browse/LANG-662
163,2270d830fda743de1ce8a61e33b9542cb39a0f4b,345b4836f6e34ba29564dbead73ede2f2309aa74,LANG-646,https://issues.apache.org/jira/browse/LANG-646
164,367e00e6ef373df1640266d39701042203d3f37f,9c6d3ea78fa936c8eedbd72236fe3f6e217c2b96,LANG-672,https://issues.apache.org/jira/browse/LANG-672
165,2be456f665e193c6fa7eefb838da858b57935c58,9ae054b7c894706fcaea519a14f48cc773835069,LANG-624,https://issues.apache.org/jira/browse/LANG-624
166,a655a3fafbc535b09fa0596635d2c87cf48c428e,3e5d5dc9c0a5047152eedb802bc008ce78b8de0c,LANG-677,https://issues.apache.org/jira/browse/LANG-677
167,3e5d5dc9c0a5047152eedb802bc008ce78b8de0c,e9f5fc14005cb7028b69bb681e612d0d154cd003,LANG-677,https://issues.apache.org/jira/browse/LANG-677
168,4a29061ad70319e9545f71d208327db3e4192b5e,d34dce48e5cd02ef1f078a939741d79fab3c39d0,LANG-676,https://issues.apache.org/jira/browse/LANG-676
169,d34dce48e5cd02ef1f078a939741d79fab3c39d0,536ea90fc04ef9e8484f98adb738cfa5a11a301d,LANG-676,https://issues.apache.org/jira/browse/LANG-676
170,15d50cf864c13468d81c7b2370ac5c8a7dc26d16,3c4f60d71bc4bee0158d713be93c2151411d2e98,LANG-428,https://issues.apache.org/jira/browse/LANG-428
171,b4e69a6efc245c07bdd2ce55f9c80b6ae16544a3,3456b2b6b1e27751bb9b4770e3bd0a6545afe1d3,LANG-682,https://issues.apache.org/jira/browse/LANG-682
172,dd84146bd1453e283b3b49653461ee5077f1c296,edcfd40d71568a47b7b3dd857265517f8a5c3df0,LANG-685,https://issues.apache.org/jira/browse/LANG-685
173,7e73ff593fbe69ac9cdafbe7a17e27f2ed338f77,d827bb76041a48c4a591a29017da765327a28265,LANG-691,https://issues.apache.org/jira/browse/LANG-691
174,d827bb76041a48c4a591a29017da765327a28265,54de75b635a60d05863df1379c0f954b87d14c13,LANG-691,https://issues.apache.org/jira/browse/LANG-691
175,9d619172ee34fa3b80400f25477acd5aef8b02de,5a7a09256e67ae8fde1a407d51fae326b973af9c,LANG-693,https://issues.apache.org/jira/browse/LANG-693
176,f5cb67acd964ee173967081205eb30c43ba585c3,a80f11cf9d02d2517c7f230f24949cbebaafc0c2,LANG-703,https://issues.apache.org/jira/browse/LANG-703
177,a80f11cf9d02d2517c7f230f24949cbebaafc0c2,23a71e792bf4ff7263d196047c2f378e888ce04f,LANG-703,https://issues.apache.org/jira/browse/LANG-703
178,23a71e792bf4ff7263d196047c2f378e888ce04f,8914d7f617f78aae8c85405856283c98d4e43990,LANG-710,https://issues.apache.org/jira/browse/LANG-710
179,4509b8a49c4928b9d01472597fa14939947959ba,874438dfc12f54b3e1d1be7598bbf1d069a44801,LANG-710,https://issues.apache.org/jira/browse/LANG-710
180,6be2343397b8192fc1328da21962dea27a8b2422,9642e11aac22ad1790fcafcc6973605581bb4cb5,LANG-710,https://issues.apache.org/jira/browse/LANG-710
181,458cf9df78758efa231c0c242dc7a9a34e92fef7,d70baf13700b6cbe664249322559b64dc44303c2,LANG-710,https://issues.apache.org/jira/browse/LANG-710
182,c023bfb593d32144f4511079dada681e2e8142d2,34a6449c90a3b6074111a6bcbd31ad00ac1570f3,LANG-719,https://issues.apache.org/jira/browse/LANG-719
183,8a3e8603455c6dbfc595ab7a7e4a32f171a8b245,2c1b5be146585dc8b27aedebca959f92da19094e,LANG-720,https://issues.apache.org/jira/browse/LANG-720
184,4c2ae062ffa6ea69a3df1b7fa9d421088384f753,c04611f260fc57a6cb00aae0db8c4d7a4b9bcd3c,LANG-720,https://issues.apache.org/jira/browse/LANG-720
185,d4319b1c171135b4d94f63fda5c524e32f6b8cf6,137d5f6753af78dcb14a83912a4628e9faa9539a,LANG-728,https://issues.apache.org/jira/browse/LANG-728
186,96156936d8ac6b90d0cd437db03a3168ef10a44b,9fa142b1185f2895f0aad6056c9476a3c1e08a5a,LANG-728,https://issues.apache.org/jira/browse/LANG-728
187,1a22532991dc57f1cbdb8dbd4021575b8230984d,5997452fe756861b9362f143c24fd4965ffcef3e,LANG-728,https://issues.apache.org/jira/browse/LANG-728
188,37b9565b26fa6a3c1224dd95af1e821bc30789e9,85d6318351fefbb728bad2db16103dc24372240d,LANG-686,https://issues.apache.org/jira/browse/LANG-686
189,85d6318351fefbb728bad2db16103dc24372240d,64dd0a070ba7d8a58a733a9cb7618d458bd670ad,LANG-686,https://issues.apache.org/jira/browse/LANG-686
190,64dd0a070ba7d8a58a733a9cb7618d458bd670ad,a7fe1f5018c53ed3af8af0d404a346117aefb958,LANG-686,https://issues.apache.org/jira/browse/LANG-686
191,a7fe1f5018c53ed3af8af0d404a346117aefb958,d94ef57853be7ba79aa6d02afd6a72211eb62b66,LANG-686,https://issues.apache.org/jira/browse/LANG-686
192,d94ef57853be7ba79aa6d02afd6a72211eb62b66,656312f90a5e59ca0e7a5ae7f17fe941877f3aac,LANG-727,https://issues.apache.org/jira/browse/LANG-727
193,656312f90a5e59ca0e7a5ae7f17fe941877f3aac,99081448740c1bfdafc51d4b3ce14e3b3e6db405,LANG-727,https://issues.apache.org/jira/browse/LANG-727
194,99081448740c1bfdafc51d4b3ce14e3b3e6db405,b82ab99340a46e28320d6b48dd1d5e6fc3bce98e,LANG-626,https://issues.apache.org/jira/browse/LANG-626
195,9c28c3538d59431a6d05141b6117eb94c59999ec,ad5b9b01497834d0710eb9fa00a4372c3ceb60ec,LANG-734,https://issues.apache.org/jira/browse/LANG-734
196,f893b88f831545554770607f59f89933a7c7fb33,ef346b48b21ef133e7217b1c36babb6d941ad4f4,LANG-727,https://issues.apache.org/jira/browse/LANG-727
197,1493ab204f548961fdc50ed3c874d9e2ccfd9532,4c2f18af7fe037c328b7c0e3556d7194ce01d8e4,LANG-736,https://issues.apache.org/jira/browse/LANG-736
198,76416c0ad837f2874ba7999aadacb236aebb79bd,2c499868dbf7cedc9a56c3d873fe9e287d7e0f29,LANG-741,https://issues.apache.org/jira/browse/LANG-741
199,e234e7d341b838b7331880226ada401f112a1e1d,7636080403ce45724aa001998eb19f5c8f84cc20,LANG-744,https://issues.apache.org/jira/browse/LANG-744
200,c98fbe27b2822e669461a061ee916e7ce5bf188f,41326bf5266ecc6472bab28481b77cecd6f7fb5c,LANG-746,https://issues.apache.org/jira/browse/LANG-746
201,fafb1135a1473501ac77c4148757f9eff37757aa,ff66dbcf6e698cc229ed27ad8f981a8411c0a07b,LANG-749,https://issues.apache.org/jira/browse/LANG-749
202,ff66dbcf6e698cc229ed27ad8f981a8411c0a07b,2998309d723eace60baa3b603ed2c7d59881ab67,LANG-744,https://issues.apache.org/jira/browse/LANG-744
203,2998309d723eace60baa3b603ed2c7d59881ab67,f46c6726da8435afbcfeaf6ee980fd274c19ca8f,LANG-744,https://issues.apache.org/jira/browse/LANG-744
204,f46c6726da8435afbcfeaf6ee980fd274c19ca8f,507ae723e3833758537192900e81a6d13ad04162,LANG-744,https://issues.apache.org/jira/browse/LANG-744
205,507ae723e3833758537192900e81a6d13ad04162,a6323c354dbaed9a725bc6cb68036a56aa29c442,LANG-744,https://issues.apache.org/jira/browse/LANG-744
206,c014f1c13ce0152be43fa7a4974943b70442fed6,7dc2291733984ed235b026060de61574ed0cde26,LANG-744,https://issues.apache.org/jira/browse/LANG-744
207,2c3cc6000151c61014693768471c7c6c84b9737d,8b9dba531504aa1217f3983683557a344d29e625,LANG-744,https://issues.apache.org/jira/browse/LANG-744
208,603d818735d66e9c14e21e60bc00fde7dab89259,0ee2a1ec2c93781ac9a303b4fb1cb43fc9e9fcf0,LANG-744,https://issues.apache.org/jira/browse/LANG-744
209,a340f1e7afcb11bf9efaec211b8f0a6e24d9116c,5244e89e73cdf5c963e0741480a1436467db14a0,LANG-744,https://issues.apache.org/jira/browse/LANG-744
210,5244e89e73cdf5c963e0741480a1436467db14a0,16c3a3297597214f7b1478db5799325ea114df88,LANG-759,https://issues.apache.org/jira/browse/LANG-759
211,7b3e823ede7db26dc12150b969d77ea86352b9d6,44cd641b4ecea28adc112ddf668380773cff9bb5,LANG-762,https://issues.apache.org/jira/browse/LANG-762
212,44cd641b4ecea28adc112ddf668380773cff9bb5,baa994c62720ccb45665aa215344cd03d8e64cd5,LANG-762,https://issues.apache.org/jira/browse/LANG-762
213,6ef8d3247b5c190bda458290d2106f0d8a09cfe6,67d4ef2e920bdd28d797589d3ce5c6f22c049d4a,LANG-762,https://issues.apache.org/jira/browse/LANG-762
214,fa35d13c66b4f44825b4d47b100c9a97f244058f,ff010a98f11931f2a4a4fb4bf5393a62428868a5,LANG-762,https://issues.apache.org/jira/browse/LANG-762
215,4f0e19fc5f47c7171887e6fc1055bbdbb59367ef,7b7965bf462d354dab0eb15c860c0ef7b3ea7b9c,LANG-772,https://issues.apache.org/jira/browse/LANG-772
216,7b7965bf462d354dab0eb15c860c0ef7b3ea7b9c,d534206f65fa2512fe28dd4169d4027898ac8bf3,LANG-773,https://issues.apache.org/jira/browse/LANG-773
217,679090a612fa7dde2c98c44388232e4a23f3b1ac,d487814aba405447ee3358e11af3c8f2e3991c7e,LANG-776,https://issues.apache.org/jira/browse/LANG-776
218,d487814aba405447ee3358e11af3c8f2e3991c7e,e6a1d017b1aeca6986c5e8486c9f8ce6360872d4,LANG-775,https://issues.apache.org/jira/browse/LANG-775
219,e6a1d017b1aeca6986c5e8486c9f8ce6360872d4,c71d0f03dab384f98ef2c0ba0050822fba22a063,LANG-775,https://issues.apache.org/jira/browse/LANG-775
220,02bce06a5c3d98d6694e3e9a59187c3847de76ae,bec837759654833087d286e44ea51134d67537eb,LANG-783,https://issues.apache.org/jira/browse/LANG-783
221,bec837759654833087d286e44ea51134d67537eb,d486ed932373815102f6999d7b77d9eda5b2e393,LANG-765,https://issues.apache.org/jira/browse/LANG-765
222,d486ed932373815102f6999d7b77d9eda5b2e393,1c8d3e6011ad9fc1cd61fd35ffe1d313473483de,LANG-764,https://issues.apache.org/jira/browse/LANG-764
223,1c8d3e6011ad9fc1cd61fd35ffe1d313473483de,27d2edb2bdaa0d48ef98d1a0056a878a91e7df1b,LANG-761,https://issues.apache.org/jira/browse/LANG-761
224,a31570673477b8d8f4f0f2429002ec219e83369f,dfa6882a3b9ae6d17c386312ad5e5902d852fb4e,LANG-786,https://issues.apache.org/jira/browse/LANG-786
225,81797ed4402a982f90bd903c7437aeea4e3933f5,e9429c05e1a4797383fb405928088d2f8563ff97,LANG-788,https://issues.apache.org/jira/browse/LANG-788
226,c10bb4d052b31761329d8c064583175b73687e78,a0de4149790f97283643b6e7980faaa3a5ed5ab7,LANG-755,https://issues.apache.org/jira/browse/LANG-755
227,d79d88439e0e288825729396a3f7013c181b18fd,575965b1ba7aa595844706c02bb81229a69462c0,LANG-800,https://issues.apache.org/jira/browse/LANG-800
228,0aa4135a785deb4fb52d754e407fab1eb280ac26,4c2e69797f8262cc0546131352c1c5ef6dfdc985,LANG-802,https://issues.apache.org/jira/browse/LANG-802
229,1971d3ed8ba303eccc83935e352758ceca9f34d7,27bcbcc728434ffb2c45e81c0e75e6a3d6da3441,LANG-805,https://issues.apache.org/jira/browse/LANG-805
230,27bcbcc728434ffb2c45e81c0e75e6a3d6da3441,4a65cb8da23d6667ac6f91775309b4da9b315d95,LANG-807,https://issues.apache.org/jira/browse/LANG-807
231,feb980a6398012627bf6dfb7fddb92be3fe76ed4,4ae84a33c0b031b835a60a804ab69be2ca060fb9,LANG-813,https://issues.apache.org/jira/browse/LANG-813
232,4ae84a33c0b031b835a60a804ab69be2ca060fb9,49b63810c04ebf57aef8afe04420f3cba3891563,LANG-814,https://issues.apache.org/jira/browse/LANG-814
233,49b63810c04ebf57aef8afe04420f3cba3891563,c63041d06c284ecd92a90f4e192df37d94a1d228,LANG-814,https://issues.apache.org/jira/browse/LANG-814
234,8c478f2f9bffd4fe575316acf6dc3e04646fd5f2,e2c6ef476dc69bf0d6306c1f1006bdcc97c0c296,LANG-817,https://issues.apache.org/jira/browse/LANG-817
235,2c6fa89aa47436c5909601490fd56a18f75a0bc4,c7adc7e86f118a92ac4eee5a3c6775eec11af115,LANG-747,https://issues.apache.org/jira/browse/LANG-747
236,c7adc7e86f118a92ac4eee5a3c6775eec11af115,32b71d09133c2b5e3fea1f6d1effab8bb3776d04,LANG-810,https://issues.apache.org/jira/browse/LANG-810
237,247cf8c4dc2507474946e3a7abca074c7e9c965d,37fd0adafb3301ae66773817431b74e32e494efd,LANG-799,https://issues.apache.org/jira/browse/LANG-799
238,37fd0adafb3301ae66773817431b74e32e494efd,b219a449bb6642f8df03eeb53acc444f4695a608,LANG-799,https://issues.apache.org/jira/browse/LANG-799
239,b219a449bb6642f8df03eeb53acc444f4695a608,ebdef1b95710b44324d40fa1e67a1bc1b370ee81,LANG-799,https://issues.apache.org/jira/browse/LANG-799
240,ebdef1b95710b44324d40fa1e67a1bc1b370ee81,79c627478f482a55ab9bf821b2cfbe2237ab3d53,LANG-799,https://issues.apache.org/jira/browse/LANG-799
241,79c627478f482a55ab9bf821b2cfbe2237ab3d53,12a0e3bddec1731cfdfe76743c9d42f6c4278d86,LANG-799,https://issues.apache.org/jira/browse/LANG-799
242,12a0e3bddec1731cfdfe76743c9d42f6c4278d86,72b9613ddbd8e079184e2ef0207fe1c733bcbcbc,LANG-799,https://issues.apache.org/jira/browse/LANG-799
243,01ee7028e6940dbd074f3a76bb28f3a78b5d5b21,a81da42d9039ae2bf4d3c02b2c23969116f979d5,LANG-799,https://issues.apache.org/jira/browse/LANG-799
244,bb8164bb2c59e42f5858f55af00f7968528fce94,62d5c0eecbb3af921c857b9ef3ed0a9e95fb4dee,LANG-826,https://issues.apache.org/jira/browse/LANG-826
245,5ffcb8d35bd83a6c93b65f1de7e6e7a6a4369de0,34beef1d085c4571b8b8924951043276e1cc29f9,LANG-828,https://issues.apache.org/jira/browse/LANG-828
246,73ea9c43c6013659d77b0b3663452c00fad5e2a0,e582456625cc8a7056cc9354d2a75913f4ceb393,LANG-828,https://issues.apache.org/jira/browse/LANG-828
247,e582456625cc8a7056cc9354d2a75913f4ceb393,d7af9435485453053a61f9baaca616602d8a4fd8,LANG-828,https://issues.apache.org/jira/browse/LANG-828
248,192b1e1b6b96da05cb000b2c89b71467cbfaf245,ad72b9f2bf37bd61af18bde67c1622d90a5d8766,LANG-831,https://issues.apache.org/jira/browse/LANG-831
249,ad72b9f2bf37bd61af18bde67c1622d90a5d8766,65a6458eaa2e1f88278e4bb5753a68bd825e3a80,LANG-832,https://issues.apache.org/jira/browse/LANG-832
250,586e0b1c8a1126d69570af6a67b9726db259ee66,77eed078c853ec624d9d38754b0003e45333e9f9,LANG-777,https://issues.apache.org/jira/browse/LANG-777
251,77eed078c853ec624d9d38754b0003e45333e9f9,cfab1e4fa19755d65de7b81206d86f9e98622d8e,LANG-815,https://issues.apache.org/jira/browse/LANG-815
252,cfab1e4fa19755d65de7b81206d86f9e98622d8e,04babff3798680e012646988841bcc710a9e3c54,LANG-818,https://issues.apache.org/jira/browse/LANG-818
253,04babff3798680e012646988841bcc710a9e3c54,0490f1c291981b1d577a64ed61ee2c19eef8addf,LANG-820,https://issues.apache.org/jira/browse/LANG-820
254,6545db8bb7fc951a85031b01072d7cc6b40060e6,2be663db75e15f760ab03cf43ac97dd965414070,LANG-838,https://issues.apache.org/jira/browse/LANG-838
255,307c280caf4a0a60b4212f7dd0f854a32a3497e4,22d050b781ad859528398ba7e8ce00d7d2335555,LANG-844,https://issues.apache.org/jira/browse/LANG-844
256,641aa249c3dfec45cb46f5ed15b0c59bd66069f4,310edf6439712e5ec04bbd11ebf1f890cb44c0c5,LANG-849,https://issues.apache.org/jira/browse/LANG-849
257,310edf6439712e5ec04bbd11ebf1f890cb44c0c5,4cdb63d6c09ee9a01b6dd0e969559d83f777d76f,LANG-849,https://issues.apache.org/jira/browse/LANG-849
258,a7b467a74cbe1160d676dc070a19d19764e132a3,350cf8c2da08ccde6b4d71b19bb3df97256ea368,LANG-822,https://issues.apache.org/jira/browse/LANG-822
259,f5a83bb90cf7b318ac72823e6b99d01d060abe41,52bcd9b8e82d4d1d287b0d75df1e161aff8c65ab,LANG-857,https://issues.apache.org/jira/browse/LANG-857
260,ed8a17847952a611196112c05f35731712c957b8,e5a1ea6a765cb060104736d64f39a5b2a120896c,LANG-858,https://issues.apache.org/jira/browse/LANG-858
261,e5a1ea6a765cb060104736d64f39a5b2a120896c,0c9622b749f3d49798059c74ad66a51f3c782b5a,LANG-858,https://issues.apache.org/jira/browse/LANG-858
262,bc255ccf5c239666ab54e5a31720d3f482ae78eb,4d46f014fb8ee44386feb5fec52509f35d0e36ea,LANG-865,https://issues.apache.org/jira/browse/LANG-865
263,ad43a49dabd5cc14e8ff4b91dbb03477063c1314,5df8f55e4fb60d4e7bc7c3280e0c919c0cb0ac37,LANG-881,https://issues.apache.org/jira/browse/LANG-881
264,5df8f55e4fb60d4e7bc7c3280e0c919c0cb0ac37,b3db6ed9efd0b8ed8a940f2735abb156030d10f9,LANG-881,https://issues.apache.org/jira/browse/LANG-881
265,bb95f8a19470f38587780d5b29387d328b9160f6,d49d8093e2497013c4d78b11d1462a33f451dfda,LANG-754,https://issues.apache.org/jira/browse/LANG-754
266,9d73fe09ce5fa631ca56bf365110528b5d9608cc,cd91a4f2cd0ced1178e8fd1f49229196eb88094c,LANG-882,https://issues.apache.org/jira/browse/LANG-882
267,cd91a4f2cd0ced1178e8fd1f49229196eb88094c,0cdc976684efcf478397b68c1d54cefc87bb92c9,LANG-882,https://issues.apache.org/jira/browse/LANG-882
268,8ef33a43ec0bf8dc9889467fa629dff185378912,03b4f61f142fad60772c19be96253c45b4ad27ab,LANG-887,https://issues.apache.org/jira/browse/LANG-887
269,64cfee77e333d0c31a0fde0abe6dac3d97b0f078,8a1042959df80c06dbfa83896594caa8e20ff9d6,LANG-693,https://issues.apache.org/jira/browse/LANG-693
270,8a1042959df80c06dbfa83896594caa8e20ff9d6,ae987e17708f19aa230c51578e4b8c2d21acd7e8,LANG-894,https://issues.apache.org/jira/browse/LANG-894
271,ae987e17708f19aa230c51578e4b8c2d21acd7e8,22c37d530734969c473fcc26278d6cb92bd622d0,LANG-836,https://issues.apache.org/jira/browse/LANG-836
272,22c37d530734969c473fcc26278d6cb92bd622d0,8b494b784dca4de7d79c58e0f00dd4756c04cf89,LANG-836,https://issues.apache.org/jira/browse/LANG-836
273,8b494b784dca4de7d79c58e0f00dd4756c04cf89,dcde57852a97a9ac8021d2440b3de5be4870ecf6,LANG-879,https://issues.apache.org/jira/browse/LANG-879
274,dcde57852a97a9ac8021d2440b3de5be4870ecf6,ef9623ef8ecc198849661eb5cd052938977f1d80,LANG-896,https://issues.apache.org/jira/browse/LANG-896
275,396afc3e4693cfee182efe582455f2d97058c068,d1a45e9738de5b3e299bb51e987565dcce55fee6,LANG-747,https://issues.apache.org/jira/browse/LANG-747
276,9506e0454826a77b19d65db9f852d96031af6712,62f2412f14b500b10eb8619edec69198a98c7b84,LANG-911,https://issues.apache.org/jira/browse/LANG-911
277,28bee777663fe47959465a7c1b91f6dbb5154fd9,136c1bc523f34bd6085a37fec0da198f8f18dcd6,LANG-913,https://issues.apache.org/jira/browse/LANG-913
278,06df5cbe7c1f1df2651aabe15cb10228b474e01c,a9ae686ec85e4fc326f56a23de8cd0481f7d9c89,LANG-920,https://issues.apache.org/jira/browse/LANG-920
279,a01e450694ee3d6049dd637ae700f36d173d6463,aadbea734d78e8d535d3a5837643336ca1384bd2,LANG-921,https://issues.apache.org/jira/browse/LANG-921
280,0de9354f505f415c7ad35fe735cebab4900a698a,cb3d478b789fbb14e387422e1aed4b7be4304fbd,LANG-902,https://issues.apache.org/jira/browse/LANG-902
281,cb3d478b789fbb14e387422e1aed4b7be4304fbd,c854dd900739d6bc9baf1c0d86d1e0303f19c195,LANG-902,https://issues.apache.org/jira/browse/LANG-902
282,a93703d002bc4850e7adcdfc9b51664fca7b8836,be370cd0ef134bb44fde733e4ee91661a012dae5,LANG-917,https://issues.apache.org/jira/browse/LANG-917
283,4fc5c6b35c1ca02fb0e876d54342c66196aac846,70b3504b9fe03f267ce0f97c6ff21de5f5fbd2f3,LANG-905,https://issues.apache.org/jira/browse/LANG-905
284,38f8b88528487efc4e53ac6c91f08fbaaa2a82d6,6ea7f2f7afcd6d60d62a5cd1392feda3471fc666,LANG-928,https://issues.apache.org/jira/browse/LANG-928
285,7494fec3a19b090fbaced76d19bbe7941d576b3b,bf4dabb99884f54eb06e93879270fbfe86d076f0,LANG-928,https://issues.apache.org/jira/browse/LANG-928
286,030f0d3d404a912cc1d055f5ff323917f40a2ea9,c288d296018a48eb88526b05b62419170cc63a6b,LANG-934,https://issues.apache.org/jira/browse/LANG-934
287,d971fa4cf7f3c7e7cd4bdbaa3662c1014731d95f,b9b452dfaa283e141a0823b2b1166ea296e6aabc,LANG-938,https://issues.apache.org/jira/browse/LANG-938
288,19714df228d6bbc69d86f01428ea2c6976f7c50d,7a62fabdfc3389b822a03711978c8391259042a7,LANG-819,https://issues.apache.org/jira/browse/LANG-819
289,e42dad3901e2fd6dcb0388bab79719cb0071187f,8ea0c0284810bd6ec00f608be31abd20dbd4b72b,LANG-915,https://issues.apache.org/jira/browse/LANG-915
290,59311cc13a0bc99cacf03e00da93423b20b3d459,8252b04a45722648ce2225853de9882b3b0de034,LANG-613,https://issues.apache.org/jira/browse/LANG-613
291,8252b04a45722648ce2225853de9882b3b0de034,0942ef04f1fa911d382b79a92dca1dd4b3eb88e6,LANG-951,https://issues.apache.org/jira/browse/LANG-951
292,0942ef04f1fa911d382b79a92dca1dd4b3eb88e6,b3c1a78dab5a7fd5690caf8d6785d18f04cffd19,LANG-613,https://issues.apache.org/jira/browse/LANG-613
293,b3c1a78dab5a7fd5690caf8d6785d18f04cffd19,b5a9cd944c8b6febf55e1191310d02581ac859a8,LANG-951,https://issues.apache.org/jira/browse/LANG-951
294,b5a9cd944c8b6febf55e1191310d02581ac859a8,5d10a4a6aa62d96f314a9bc29e5e5b06b967a55b,LANG-943,https://issues.apache.org/jira/browse/LANG-943
295,5d10a4a6aa62d96f314a9bc29e5e5b06b967a55b,3a8595f1a57759044be301fc76a2300b7f2efe66,LANG-954,https://issues.apache.org/jira/browse/LANG-954
296,3a8595f1a57759044be301fc76a2300b7f2efe66,8cd2339a9788cf2c6e44b6761d3a19259fbe1df3,LANG-936,https://issues.apache.org/jira/browse/LANG-936
297,2d55e408ed626dde3e7965b5e28223280d8bb174,8630180fffa0e8daf0369f55e9b267307c00e583,LANG-954,https://issues.apache.org/jira/browse/LANG-954
298,1c050743c9d9a048fb4e3c40912185dc712c0527,f074f784efc9d3cb14b9dee5fa5e490f7e571c8f,LANG-958,https://issues.apache.org/jira/browse/LANG-958
299,8c04a90ec58a09cc4e0857ebba5bccc33ee84890,2eecc96a53bb3b9da49bae03a18388d0f23853e7,LANG-961,https://issues.apache.org/jira/browse/LANG-961
300,2eecc96a53bb3b9da49bae03a18388d0f23853e7,1bc33d2211b70e16360d22e13dc2924dc175fb98,LANG-961,https://issues.apache.org/jira/browse/LANG-961
301,1bc33d2211b70e16360d22e13dc2924dc175fb98,0c7b32a2115b0869d540ba52d90df7dd67800048,LANG-961,https://issues.apache.org/jira/browse/LANG-961
302,954280893c34f560b35c3eb1c106852110d8ca27,48652f594150affc1848c36649e2380adbd82f94,LANG-946,https://issues.apache.org/jira/browse/LANG-946
303,555570c954a593129318d840257b9c57a618c6ad,84f392eaa42888e81d3efc598035fe1f91d58d67,LANG-969,https://issues.apache.org/jira/browse/LANG-969
304,4b718f6e5a90a0922373bd1d2452d418fe6bdf54,5feaa5fe2c79f1f2e81bdf4730f5cab831024dae,LANG-969,https://issues.apache.org/jira/browse/LANG-969
305,159415855d06d186e86a70f3d4aba8c2e96d4b34,5a509030a946646780e963b9f492a4eaff734116,LANG-972,https://issues.apache.org/jira/browse/LANG-972
306,5a509030a946646780e963b9f492a4eaff734116,9397608dd35a335d5e14813c0923f9419782980a,LANG-971,https://issues.apache.org/jira/browse/LANG-971
307,408462e80d57be420c153b67f69110e27776d4eb,ab1424015085472b2d3865668e370aec8a102331,LANG-977,https://issues.apache.org/jira/browse/LANG-977
308,2bd8c559b9766ea0fda32053a1463511b41b58ce,bee1acc69ea97a31a97e5e333becaf3f305cdee4,LANG-977,https://issues.apache.org/jira/browse/LANG-977
309,ddc06197e4c9cdd009ba2a039dca77099797c584,cf4138d7bc1a892295ccd58ea8b42f7c8737239a,LANG-984,https://issues.apache.org/jira/browse/LANG-984
310,cf4138d7bc1a892295ccd58ea8b42f7c8737239a,8b5e3eb81ddf3417f8f628c211507694ce2b92bb,LANG-982,https://issues.apache.org/jira/browse/LANG-982
311,8b5e3eb81ddf3417f8f628c211507694ce2b92bb,77f5fe29e317c634bced62e54f6ead8a1c85c238,LANG-978,https://issues.apache.org/jira/browse/LANG-978
312,8d360ae70732ae26d961f76da5a98c44ac5931c6,aadd8e172eb22fb593fbaa454075677656fad111,LANG-981,https://issues.apache.org/jira/browse/LANG-981
313,aadd8e172eb22fb593fbaa454075677656fad111,1a97c7efe11f290d8f127e5320525d0d72422b56,LANG-983,https://issues.apache.org/jira/browse/LANG-983
314,66a37174a0398d76ff95904c22e77bc65890eec0,80bd3fdb42a5d816ded9d9111c7dac3ce57c3101,LANG-987,https://issues.apache.org/jira/browse/LANG-987
315,708da45999d8e545bfbae17a092c68df94061756,cf03e6173b70ad64337704402bea51600cddd1ba,LANG-992,https://issues.apache.org/jira/browse/LANG-992
316,d3ebe17cb3602180d952cb5d081f351a7df4fe9b,1113ab56bcc3fb61d1280a609b3c6ad59c1cc177,LANG-992,https://issues.apache.org/jira/browse/LANG-992
317,d99f581745097c9562f1d701a6da66cd81a550f2,fbb0f7f88c84001e0a92dae6a71b7e43bda65a56,LANG-995,https://issues.apache.org/jira/browse/LANG-995
318,612595106054d0ff2320cc15f88cfef8959e1531,b4b51a8fc9eed7274a045b2f3192d77782b0e4fa,LANG-1001,https://issues.apache.org/jira/browse/LANG-1001
319,358f139d1316df2b8efd7610afa3aa68d165334f,64ef8a80224443c81dfb198cbc567e1b2b9356a2,LANG-1003,https://issues.apache.org/jira/browse/LANG-1003
320,248630054801b048e6629a37a62e9efd69a7a756,4b74c385628ed1766209a79705a2d5986c23d02c,LANG-1003,https://issues.apache.org/jira/browse/LANG-1003
321,00dc479f6a1d204d557f4cb1d981ba236fe09565,fd54d42f78ae17a96fc005d2fcd080807343aad7,LANG-1004,https://issues.apache.org/jira/browse/LANG-1004
322,1e6c8c1495d0c70899cb3e4bce2975901c9c2b04,2154d5fbf8cc02cc4d51b63d6a532af06cccd0fc,LANG-1035,https://issues.apache.org/jira/browse/LANG-1035
323,2154d5fbf8cc02cc4d51b63d6a532af06cccd0fc,bdb1a684a7b3876d6812d4e281c852face5a5229,LANG-796,https://issues.apache.org/jira/browse/LANG-796
324,bdb1a684a7b3876d6812d4e281c852face5a5229,bc91bedd45c5f51175f8686332ed4c72fbe98652,LANG-1039,https://issues.apache.org/jira/browse/LANG-1039
325,2aae22de23bf47566700c0ca2671d25e30c4a857,22b6781a0b96418198dc9146e5191e51d381102f,LANG-1000,https://issues.apache.org/jira/browse/LANG-1000
326,aa3f1749864af5fe4971e09b100720ffabb78bdb,4477ae695211449db1df589e9fdc6de84bf4c640,LANG-1041,https://issues.apache.org/jira/browse/LANG-1041
327,635e41ea181c5fee8860a7044c84ae3557b51189,2afdf4d05e38f63b56b0414cf524916681ab58aa,LANG-1064,https://issues.apache.org/jira/browse/LANG-1064
328,21201210e254fc7d73fa646f28ce786d94fa2d28,0162032aa4ea1084e4bccbce6fbfc48ae4b0cc48,LANG-1072,https://issues.apache.org/jira/browse/LANG-1072
329,05763470e5a067eb153533d47baa73174ad9bd46,e5a3039f7a1e727fca40db7357a9191b6a7cf41d,LANG-1077,https://issues.apache.org/jira/browse/LANG-1077
330,e5a3039f7a1e727fca40db7357a9191b6a7cf41d,4a2cc4f5da0fbf9552d2b35aa457de64c47626b9,LANG-1073,https://issues.apache.org/jira/browse/LANG-1073
331,5cb1ae60249745bb9b9f019b58eea5132abf1032,c5332828bde1cc98dfa7a00f65a05bec51ede088,LANG-1071,https://issues.apache.org/jira/browse/LANG-1071
332,89c8519238523873277e76ea87422aebaf17898c,6eac3468d4569e64f18757225aa8f7fd6f2a5241,LANG-1083,https://issues.apache.org/jira/browse/LANG-1083
333,cc991feadbcee678635f7831ad8091ab8698d508,63f1d6b83bc10a2880f5ec17a172fab284d2eff5,LANG-1055,https://issues.apache.org/jira/browse/LANG-1055
334,63f1d6b83bc10a2880f5ec17a172fab284d2eff5,3181b407668fa09b83ff80126b5abdfc4074ab9a,LANG-1055,https://issues.apache.org/jira/browse/LANG-1055
335,3181b407668fa09b83ff80126b5abdfc4074ab9a,ffc38b1f3b35ddfadb942240b9d2f933ec83d1be,LANG-1081,https://issues.apache.org/jira/browse/LANG-1081
336,61836183b1d84a18dbcc084d1f41bcecf752f9fd,45a6467088a08e447d7f2983551021b91c70ab49,LANG-1087,https://issues.apache.org/jira/browse/LANG-1087
337,45a6467088a08e447d7f2983551021b91c70ab49,2367948a0f7bbcf42cb3ef9d97216319a526d3eb,LANG-1061,https://issues.apache.org/jira/browse/LANG-1061
338,6ec90c452fb1af67ede5720822d4503600522ff4,7c8443f66c1a1852d31a4f3b9f096e5eecef5eb5,LANG-1089,https://issues.apache.org/jira/browse/LANG-1089
339,8db46b1d09c52ad32fd9360a1f0d627784523f8c,ce7f4ed073b5a7b326871bd2339e355dbe9468fa,LANG-1090,https://issues.apache.org/jira/browse/LANG-1090
340,1f75a8f7cc28fef663eaca75e831c9da11ea2b0e,8aa1b44ada759e7948f87f55bb29ab87b5eb5469,LANG-1092,https://issues.apache.org/jira/browse/LANG-1092
341,cbeb45b243897dd974978ac339c40c2915b638d1,bf6ee5c56eb32bb572c240d765d542c048ec9565,LANG-948,https://issues.apache.org/jira/browse/LANG-948
342,56462a1e180c43aabd78a47077d4c195d907638b,06d724599d57c585f537dc7b5d73af90c16a4100,LANG-1104,https://issues.apache.org/jira/browse/LANG-1104
343,06d724599d57c585f537dc7b5d73af90c16a4100,79aceed0e31376af5756fd8ab314534b0ac1efa3,LANG-1104,https://issues.apache.org/jira/browse/LANG-1104
344,8c84cfda26c23af0d7106d6fec17c36a4853bfd4,9c7b0fb8e681b901e5fc40c699e4730855f2c14d,LANG-794,https://issues.apache.org/jira/browse/LANG-794
345,9bebec9cf9e6f4f1f0ae0673ab3fc672f87d18b1,71f6746f81bb9650f6f228ea204d85ba2c5b7392,LANG-1069,https://issues.apache.org/jira/browse/LANG-1069
346,73a8fba6fb23af45ee77f52f33bb8d791a9caa05,df37e605fe4b027406bd9dd85b320526ab12a122,LANG-1112,https://issues.apache.org/jira/browse/LANG-1112
347,16b03b0c4b7e25dc89892b1f88a35888646d462f,63d8a025e6f38ddfc966c4104ac783bcb59031e0,LANG-979,https://issues.apache.org/jira/browse/LANG-979
348,8e7df02eda7a1aac56a884e3d52c6d72073028b5,1b9d938d66a172b200fd90d4a61707852bdb4b8f,LANG-1118,https://issues.apache.org/jira/browse/LANG-1118
349,1b9d938d66a172b200fd90d4a61707852bdb4b8f,4ad74f449258781e9df189413423ffd6ad95c526,LANG-1118,https://issues.apache.org/jira/browse/LANG-1118
350,4ad74f449258781e9df189413423ffd6ad95c526,84c5e8c7124dbecc9243dbd0313b3b94c7185f63,LANG-1118,https://issues.apache.org/jira/browse/LANG-1118
351,8e7df02eda7a1aac56a884e3d52c6d72073028b5,0799f01df18c8f2d5695390cfc6db807fe019b18,LANG-1118,https://issues.apache.org/jira/browse/LANG-1118
352,e2c0ea4374c02539ad9bc6c4328b74f25eb72405,6271c5015feecc22b9197ef07170fa15f311aad1,LANG-1114,https://issues.apache.org/jira/browse/LANG-1114
353,6965455f8a90474c656e68031c780e9531cea21f,640953167adf3580a2c21077d78e7e7ce84ead03,LANG-1114,https://issues.apache.org/jira/browse/LANG-1114
354,cb83f7cb31e50f265e098c5380b3f0051e257f46,bea1ae92aa52a985f8c171c6e17ff7fc4aa61fe4,LANG-1116,https://issues.apache.org/jira/browse/LANG-1116
355,bea1ae92aa52a985f8c171c6e17ff7fc4aa61fe4,775203dd2cfce017910d04c58a0b1b4e0a64923c,LANG-916,https://issues.apache.org/jira/browse/LANG-916
356,260e0e0cd21af7b03ab0dae33b4978233db67773,69fbbe1736c2e272dec768def717bacb8acfdfab,LANG-1126,https://issues.apache.org/jira/browse/LANG-1126
357,775203dd2cfce017910d04c58a0b1b4e0a64923c,5c6a87c46234ea135e0b235a6287843542c7b79e,LANG-1126,https://issues.apache.org/jira/browse/LANG-1126
358,5c6a87c46234ea135e0b235a6287843542c7b79e,4796a0a79259bbaf4fdab61dd158cb658e6a8d44,LANG-916,https://issues.apache.org/jira/browse/LANG-916
359,4796a0a79259bbaf4fdab61dd158cb658e6a8d44,b5749b4f54b30c0c2050e456c12cfcf516434f13,LANG-456,https://issues.apache.org/jira/browse/LANG-456
360,6a99050166c945a226d5f8275ce4a9dca3518285,448ec93f006939eefacec32aca65dfb622d2c352,LANG-1128,https://issues.apache.org/jira/browse/LANG-1128
361,1cf8af4b235eff25b9ddae22c477c5bdfba9dc67,4a882e76d9c9940ac561e8f17ede77c85e3dbeda,LANG-1128,https://issues.apache.org/jira/browse/LANG-1128
362,e2ec4f2fdb2bb8d97f64a33e9ac288d52854a530,fc73151cfca36ea2641f340700dbe339b9e1f103,LANG-1131,https://issues.apache.org/jira/browse/LANG-1131
363,474a837858a8e7a98316f97e9ed387d0161015f2,39380da86acc717f419da48f070f8cf7d9f9ec94,LANG-1132,https://issues.apache.org/jira/browse/LANG-1132
364,e79a590e0cdabd93883aca964db2a862ff3f8490,c885a32e24662cbbe9fb6b8a0bc3c8dacf3288b5,LANG-1122,https://issues.apache.org/jira/browse/LANG-1122
365,48d142dc3bf2ef6d9a27c4138f9f1f9c7afd70ed,13d7ce9fb65e8f05014daf4ee6cebc76f4781e6c,LANG-1122,https://issues.apache.org/jira/browse/LANG-1122
366,0e266204f535aa48f74d4f2480b2268c13e26b22,d282015e73ffce5b6d08a5244e890c7ea1a73400,LANG-1132,https://issues.apache.org/jira/browse/LANG-1132
367,0e96d84e230628229d7f84c8f21936a3c975eda4,dee94449e6abb1b999213a0e8efbe937bcff693b,LANG-1132,https://issues.apache.org/jira/browse/LANG-1132
368,a9a73a7b2df1455646a7e0207712be6d4412e817,71d7c3264239c55b6e2daf89c44c5685085f26dd,LANG-1133,https://issues.apache.org/jira/browse/LANG-1133
369,529964961fd1575013297bc6d4db4528133ee371,06b7cd3a31c4565ceb0a127273ef800a3d084caf,LANG-1147,https://issues.apache.org/jira/browse/LANG-1147
370,0343b4fda87161265acf30d5ee61e525e751358d,54e63005446a2b0a4255ba16838122c5808ef886,LANG-1141,https://issues.apache.org/jira/browse/LANG-1141
371,54e63005446a2b0a4255ba16838122c5808ef886,305d5eb8969285dbec10d888186c6f2ee447c142,LANG-1141,https://issues.apache.org/jira/browse/LANG-1141
372,40134ecdb327d1b82936f7ee3fa925b7b181c726,52b46e74dd29eb3eb65a593a872fd57694bc154c,LANG-1152,https://issues.apache.org/jira/browse/LANG-1152
373,52b46e74dd29eb3eb65a593a872fd57694bc154c,958029bdd45c3e341eb146031ed38b4487d7b0b7,LANG-1002,https://issues.apache.org/jira/browse/LANG-1002
374,cc1aed9bdf196403c673a886bbf723101171a9bf,421db380d060e9f037a8ecbc446c414efaa6923f,LANG-1142,https://issues.apache.org/jira/browse/LANG-1142
375,fad946a1d79486c5118a596e8ac67ef7d5189070,6849dfc8a660bf8c95354520a2fa1283c9b3aa43,LANG-1162,https://issues.apache.org/jira/browse/LANG-1162
376,68acbc803e416a38616bc25505cb88dde81af5ca,e8a2c29721d145c52c970049e5469cfb0dcefd87,LANG-1163,https://issues.apache.org/jira/browse/LANG-1163
377,00fafe772ceb91c9f26d79f5a2f6c3695a141115,6d3796e64bdd5f3f4857bfca6982e6ecf98a2b33,LANG-1002,https://issues.apache.org/jira/browse/LANG-1002
378,481137553f878e2f69ce05129d4aecbf016a1756,1260e09d6f2314c7099d061f1c65e6b4275cb8a1,LANG-1182,https://issues.apache.org/jira/browse/LANG-1182
379,1260e09d6f2314c7099d061f1c65e6b4275cb8a1,7f0d6b4c1251b188b07a32b3f1fa0003b5e7afab,LANG-1182,https://issues.apache.org/jira/browse/LANG-1182
380,481137553f878e2f69ce05129d4aecbf016a1756,56907c9a96a50af44415111fcea3e76ce4d1890f,LANG-1182,https://issues.apache.org/jira/browse/LANG-1182
381,15e1ea2f4e5affe377fc303c1f637a73e3fbe625,d75fe46b8f1b0d5c27887052ee4714d6a9c7ea4b,LANG-1193,https://issues.apache.org/jira/browse/LANG-1193
382,bfcdeeaf441feffba724f03602cec2cf7b181a86,2ebf9a21d2dc99ab2f434111cac9dcd6da99d574,LANG-1192,https://issues.apache.org/jira/browse/LANG-1192
383,2ebf9a21d2dc99ab2f434111cac9dcd6da99d574,2fa0b168d62a07365b2787d0ed97fa1c2cfb673b,LANG-1192,https://issues.apache.org/jira/browse/LANG-1192
384,2fa0b168d62a07365b2787d0ed97fa1c2cfb673b,1002c9e243883654f9c1e6beae643fb4e72fc172,LANG-1192,https://issues.apache.org/jira/browse/LANG-1192
385,1002c9e243883654f9c1e6beae643fb4e72fc172,c8cc65165143ead3df00f05c9eedaf23ad095bf9,LANG-1186,https://issues.apache.org/jira/browse/LANG-1186
386,c8cc65165143ead3df00f05c9eedaf23ad095bf9,39ed92fff74cfd4be4ca728fc4258feea26b696c,LANG-1194,https://issues.apache.org/jira/browse/LANG-1194
387,39ed92fff74cfd4be4ca728fc4258feea26b696c,afc942c7b2bc0317cb549a3fd05080646e7274fc,LANG-1192,https://issues.apache.org/jira/browse/LANG-1192
388,afc942c7b2bc0317cb549a3fd05080646e7274fc,4d4e0b0481ddc14c201d1e732967cf7b55c4bceb,LANG-1200,https://issues.apache.org/jira/browse/LANG-1200
389,04a5d83aecc325f87696c83b1a5dba45584ddaa7,3af7d0dace7bee3f42b88abcaca853765cee3557,LANG-1191,https://issues.apache.org/jira/browse/LANG-1191
390,d1a3255600da34f4b69dc082c4441ae140452fee,ac78ec294e1b52de016fecb278dae15b60f6fa90,LANG-1210,https://issues.apache.org/jira/browse/LANG-1210
391,38bafd283f2e5fed8ca33dcf1aac8e4bdf54450e,3c92830ec51fb6b6e9a7ca2fb8fda324cd33e48a,LANG-1219,https://issues.apache.org/jira/browse/LANG-1219
392,ac1c341558ae3139a5c1eb07bf148230192d6f57,c99a787752770b8952297e24e07bd404cb2f4f74,LANG-1202,https://issues.apache.org/jira/browse/LANG-1202
393,5e62bf80f345ff28d494c2b407a9e8691a9fb684,b877fb9abef4a19eec9cc7329acbd433648b8f7b,LANG-1205,https://issues.apache.org/jira/browse/LANG-1205
394,dd5a0e6e1e3edb41afb4b40e4ec2c99e5932e73c,a0b798c27a0312df2a110073bd7888993e56d05c,LANG-1120,https://issues.apache.org/jira/browse/LANG-1120
395,28f7862ab7c5b782977e839bdcb7853d01a7d8b3,5eae0a646469672d1cc5385bd7bd6aedc4aed19b,LANG-1178,https://issues.apache.org/jira/browse/LANG-1178
396,5eae0a646469672d1cc5385bd7bd6aedc4aed19b,f02261849ec44fccb94b15b1b0e8afc8fff6edd9,LANG-1178,https://issues.apache.org/jira/browse/LANG-1178
397,f02261849ec44fccb94b15b1b0e8afc8fff6edd9,b212aa3c6fb91c34a0faccdf783a0a085d40be94,LANG-1232,https://issues.apache.org/jira/browse/LANG-1232
398,b212aa3c6fb91c34a0faccdf783a0a085d40be94,0343777db959950e490a06e72f235dd6f5f3a8c2,LANG-1232,https://issues.apache.org/jira/browse/LANG-1232
399,0343777db959950e490a06e72f235dd6f5f3a8c2,1e4a4906776f7300a9639a7599fccc545791583d,LANG-1232,https://issues.apache.org/jira/browse/LANG-1232
400,c36de7a60f0ae5223db3609573455a3978be9020,864721d54b8b372808b098e13120abe5c22fb9b1,LANG-1228,https://issues.apache.org/jira/browse/LANG-1228
401,864721d54b8b372808b098e13120abe5c22fb9b1,7f1b88043371a63e0faf596c720662f66251ee23,LANG-1228,https://issues.apache.org/jira/browse/LANG-1228
402,2244ed9d63e037a85e1ab2ab2bc9b98f12a833dd,9bc992b133f7169288f1fa6b53a04f74c1549947,LANG-901,https://issues.apache.org/jira/browse/LANG-901
403,844b2901fe4049fba29ce8c6961dfa25966974ef,8ef8e2a7a5326eef6180951207f65d3c29bce419,LANG-1242,https://issues.apache.org/jira/browse/LANG-1242
404,8ef8e2a7a5326eef6180951207f65d3c29bce419,c979d63934bd7baf3608365320b28483fcd5ebd0,LANG-1242,https://issues.apache.org/jira/browse/LANG-1242
405,43a9bab8c010d66744ae02b2d26020a946235202,c35a04102274b330aa833030c15f722b00062812,LANG-1199,https://issues.apache.org/jira/browse/LANG-1199
406,528f6e8e705097d5237f3e29d64c37ade4092e18,9bd439b4e0aa69050ef1baa537e552fa4620e5d4,LANG-1229,https://issues.apache.org/jira/browse/LANG-1229
407,9bd439b4e0aa69050ef1baa537e552fa4620e5d4,18b1bc203bdb236bfd9084193aa2d55d4b605139,LANG-1229,https://issues.apache.org/jira/browse/LANG-1229
408,18b1bc203bdb236bfd9084193aa2d55d4b605139,f08c4f6ae9f8190bcaf0a8bbb82530233bf51bf9,LANG-1229,https://issues.apache.org/jira/browse/LANG-1229
409,f08c4f6ae9f8190bcaf0a8bbb82530233bf51bf9,7fd021d82ff431fb31f42bc6c5c44a3b979cb426,LANG-1241,https://issues.apache.org/jira/browse/LANG-1241
410,7fd021d82ff431fb31f42bc6c5c44a3b979cb426,8d6bc0ca625f3a1a98b486541fa613b2fac4b41c,LANG-1018,https://issues.apache.org/jira/browse/LANG-1018
411,8d6bc0ca625f3a1a98b486541fa613b2fac4b41c,d2fb3b0865a87cc909e4faab7733f993356141e2,LANG-1018,https://issues.apache.org/jira/browse/LANG-1018
412,6f318c10aaa996ed72464b36f5b235601ce7e971,10ebb32ce1806821518f52074f0d171fab20b3ea,LANG-1245,https://issues.apache.org/jira/browse/LANG-1245
413,1d1883f0e20215720eb583fd43eee088808c616b,bd9adbb637a8a4aa5eb61c6fde2c576d0ab3c4fa,LANG-1248,https://issues.apache.org/jira/browse/LANG-1248
414,0223a4d4cd127a1e209a04d8e1eff3296c0ed8c1,aa31bc6c313789c344d715b7c1aeea0cd8de47e2,LANG-1251,https://issues.apache.org/jira/browse/LANG-1251
415,aa31bc6c313789c344d715b7c1aeea0cd8de47e2,ed14537b802be2bce96c8d5a0e056daeb6f11b0c,LANG-1251,https://issues.apache.org/jira/browse/LANG-1251
416,ed14537b802be2bce96c8d5a0e056daeb6f11b0c,7e85d1cf54b1e467607a0019b56f91577ebe2e4f,LANG-1226,https://issues.apache.org/jira/browse/LANG-1226
417,7e85d1cf54b1e467607a0019b56f91577ebe2e4f,13cd4e0ac3ab76a4dc091eda457f9a111727cba2,LANG-1190,https://issues.apache.org/jira/browse/LANG-1190
418,e05b50e1daa8200ad488a332375200bab132f2ad,fbb5d31a581c24e925c442a7754358d2b62a669d,LANG-1214,https://issues.apache.org/jira/browse/LANG-1214
419,fbb5d31a581c24e925c442a7754358d2b62a669d,1169aac7a1a7bc056c37369892f638e137bff3e8,LANG-1214,https://issues.apache.org/jira/browse/LANG-1214
420,a06c99b9c094d66f0d33bd69e15fe01ba52a8b05,b2c1afce7eb13ea44fc7d25562cc3bb83cc91b2f,LANG-1230,https://issues.apache.org/jira/browse/LANG-1230
421,b2c1afce7eb13ea44fc7d25562cc3bb83cc91b2f,f30c4607a2b6dcc7dc4476d321fc1de32ce9b780,LANG-1230,https://issues.apache.org/jira/browse/LANG-1230
422,f30c4607a2b6dcc7dc4476d321fc1de32ce9b780,c7c85ee39892df3ca007c6596c41654865be7e43,LANG-1262,https://issues.apache.org/jira/browse/LANG-1262
423,f30c4607a2b6dcc7dc4476d321fc1de32ce9b780,1f56bd103d53c8c6ba7502c6586c26be01bfdb80,LANG-1261,https://issues.apache.org/jira/browse/LANG-1261
424,1a1fc65b04bcbe2e95d0fa300fce110e1224906e,c503d742f094dc2048b72c3f78f5e2e6070a44e1,LANG-1252,https://issues.apache.org/jira/browse/LANG-1252
425,c503d742f094dc2048b72c3f78f5e2e6070a44e1,0a0a35f54f5e7ab2d10022d3ee244cbc876bdde2,LANG-1252,https://issues.apache.org/jira/browse/LANG-1252
426,0a0a35f54f5e7ab2d10022d3ee244cbc876bdde2,a2d41db55aa46bd4fedb215c978f03e282cf1ffb,LANG-1252,https://issues.apache.org/jira/browse/LANG-1252
427,a2d41db55aa46bd4fedb215c978f03e282cf1ffb,71d9e00d42b278ce9d216b33bf1a9c8606fbcb49,LANG-1252,https://issues.apache.org/jira/browse/LANG-1252
428,8d682a6aa32964811e971f58e36b418605ba4233,716f140d46c1737ca1c6b22a1db10fe041fbf810,LANG-1120,https://issues.apache.org/jira/browse/LANG-1120
429,71d9e00d42b278ce9d216b33bf1a9c8606fbcb49,a2660687980b36003a612eb89b40d6fdecb4b153,LANG-1252,https://issues.apache.org/jira/browse/LANG-1252
430,a2660687980b36003a612eb89b40d6fdecb4b153,b3c31a379e9ad7cd22cb7f0669b82361ced84992,LANG-1252,https://issues.apache.org/jira/browse/LANG-1252
431,b3c31a379e9ad7cd22cb7f0669b82361ced84992,204ed0048f4812201ef65c9a0c44fa54a7d1e04f,LANG-1252,https://issues.apache.org/jira/browse/LANG-1252
432,204ed0048f4812201ef65c9a0c44fa54a7d1e04f,e64b51c70fa9f5e2795e91e6729ebd895f7f3c01,LANG-1252,https://issues.apache.org/jira/browse/LANG-1252
433,e64b51c70fa9f5e2795e91e6729ebd895f7f3c01,dad86bc0a29689fd29bf03b382a39621718e8b05,LANG-1252,https://issues.apache.org/jira/browse/LANG-1252
434,1f56bd103d53c8c6ba7502c6586c26be01bfdb80,556d0fe10ff9d2ffd75185866dc78e259b71d035,LANG-1261,https://issues.apache.org/jira/browse/LANG-1261
435,72bbbbc559992e5e6bf17279d8194aaa80c62e85,42f2058c83f256d8654b349d5249d6f59920f88b,LANG-1261,https://issues.apache.org/jira/browse/LANG-1261
436,ff2672a57816d75a740813f8d26d830bd2f9b7cf,bdb074610c87a210ea4c0d91d579cb4558f4b19f,LANG-1267,https://issues.apache.org/jira/browse/LANG-1267
437,a3b74d9c230a85df8ebeef3169fc1cd0439c9a87,8f362e7eab0c628b7628ece09f2132aab69d35b4,LANG-1248,https://issues.apache.org/jira/browse/LANG-1248
438,43e5f99828f1d831a36cdad66ef2331a548dd4b9,756b910603ce94ae30e98954676477c14ed1a7d1,LANG-1133,https://issues.apache.org/jira/browse/LANG-1133
439,756b910603ce94ae30e98954676477c14ed1a7d1,496506dedda231ceaecb81d62bb611889ba38be9,LANG-1200,https://issues.apache.org/jira/browse/LANG-1200
440,5acf310d08b2bc5182cf936616ef70938cb2c499,38140a5d8dffec88f7c88da73ce3989770e086e6,LANG-1271,https://issues.apache.org/jira/browse/LANG-1271
441,38140a5d8dffec88f7c88da73ce3989770e086e6,3b12d4fe5dfa8aa1f8d44274333c9c24594c1655,LANG-1271,https://issues.apache.org/jira/browse/LANG-1271
442,4a32861c326696e82efd3947384bd6d949faab28,3433a94e255caa695664263c7ac492c624e0f545,LANG-1271,https://issues.apache.org/jira/browse/LANG-1271
443,6423a7665516d738ae50d272e3b4ca72cdb89a9d,91d6bd74fa358fdc8d7cb7681c76c509fd9a8e7d,LANG-1278,https://issues.apache.org/jira/browse/LANG-1278
444,8f9271399aca64a6f5afe36d3eec365eb68e310e,8274993e293a79fc75829df398233915a6387a4b,LANG-1216,https://issues.apache.org/jira/browse/LANG-1216
445,e2dbe55d56bd6c1209276050f527d36717e33e1d,10325422e5a4735aa87a4d47bdb377e09fe963d2,LANG-1276,https://issues.apache.org/jira/browse/LANG-1276
446,10325422e5a4735aa87a4d47bdb377e09fe963d2,65ed41ff7a8cfb0bbc03620e186382a16e23db56,LANG-1276,https://issues.apache.org/jira/browse/LANG-1276
447,65ed41ff7a8cfb0bbc03620e186382a16e23db56,e4c72a5522aabfa6a660088aa9262d849756e464,LANG-1144,https://issues.apache.org/jira/browse/LANG-1144
448,23108b1bd90de315aed37fa3fc1f38f8a56ab9ba,d6644e4fbe3d125eed2d85e58fc7133466042f10,LANG-1188,https://issues.apache.org/jira/browse/LANG-1188
449,96c8ea2fb3719e2f6e3d7a4d7b46718f26515a86,dc53e49b4afa5d59c533cf2b4918402c37411fbd,LANG-1144,https://issues.apache.org/jira/browse/LANG-1144
450,383bc8eefae7e17d0bb0349ab2300488c655ec42,eafeca43268f16aa9d4a179e44b9e7747699c1eb,LANG-1144,https://issues.apache.org/jira/browse/LANG-1144
451,1e5c2b87792b58f45fd3b33f1373925ebfe879a0,a40b2a907a69e51675d7d0502b2608833c4da343,LANG-1269,https://issues.apache.org/jira/browse/LANG-1269
452,ea666d523021a3c33294030e7c6ac49a77be543a,05647d46e9ac2bf674b320e8467616aa72954f3e,LANG-1281,https://issues.apache.org/jira/browse/LANG-1281
453,fd80301b1eeb4b2db55a09aeb54348faacec11cd,c14890f08b9bb47ab8ad27f4dd4c714e32961d0d,LANG-1285,https://issues.apache.org/jira/browse/LANG-1285
454,c14890f08b9bb47ab8ad27f4dd4c714e32961d0d,8bac0be0361c47da8c5ca24135ca37ffe8d78e29,LANG-1285,https://issues.apache.org/jira/browse/LANG-1285
455,b0bcf4f60a1e92480d78e44e3fda6e42cfc1b207,695342cb1cef42f30fd1a8496f181c92b21ae82d,LANG-1287,https://issues.apache.org/jira/browse/LANG-1287
456,695342cb1cef42f30fd1a8496f181c92b21ae82d,d2cc78e2dd2b7ad0171a15df9704fa4fc4f28cc3,LANG-1287,https://issues.apache.org/jira/browse/LANG-1287
457,8c1a0d2ee1433681958809b4a0fede65f62936e6,a08ec31dbf212a033953dc6916a743dccbb93e37,LANG-1292,https://issues.apache.org/jira/browse/LANG-1292
458,31fcd3bd8b3f0a9cd203d1e0767985e366ccfe28,f13d18cff3f0932e727dda04bf80008fc2fbbc70,LANG-872,https://issues.apache.org/jira/browse/LANG-872
459,f13d18cff3f0932e727dda04bf80008fc2fbbc70,f643b4fa939e89348618ddffae20a804f4461363,LANG-1286,https://issues.apache.org/jira/browse/LANG-1286
460,d0e2bfc46659025e6262b2e5de984a8359c9dada,7e605378202fe4e6c9f4aa6a10201b4205238710,LANG-1296,https://issues.apache.org/jira/browse/LANG-1296
461,7e605378202fe4e6c9f4aa6a10201b4205238710,928e74f73f62f241c986f6ff609575e1d833413d,LANG-1295,https://issues.apache.org/jira/browse/LANG-1295
462,30c85ad05363767deeefee577063c2c432b971d4,1661e5519c4836a5a940b13b7797263443156fc9,LANG-1311,https://issues.apache.org/jira/browse/LANG-1311
463,a6443e146f825291308319c6a0f2eb82aa34f8c3,4bd982d1a1df87724682c17c39bf27b5cbe389be,LANG-1312,https://issues.apache.org/jira/browse/LANG-1312
464,c79e6fb8f95bb07d2394221b29b75fcc016f4900,72476ff4620559b33a23aabba9eaec3b4330208e,LANG-1265,https://issues.apache.org/jira/browse/LANG-1265
465,72476ff4620559b33a23aabba9eaec3b4330208e,42cf6740264f1cff5180b3d79199bcae692f1066,LANG-1265,https://issues.apache.org/jira/browse/LANG-1265
466,e5ed4ffe5df9bd5fe796e95acf0b35f4c858e1a2,a0f9db28319f45feb56982d21239fed451b6c3ef,LANG-1314,https://issues.apache.org/jira/browse/LANG-1314
467,a0f9db28319f45feb56982d21239fed451b6c3ef,0f5c769e0c27a5f31a3451aa7372048bed08e9f7,LANG-1314,https://issues.apache.org/jira/browse/LANG-1314
468,0f5c769e0c27a5f31a3451aa7372048bed08e9f7,7337507a796ed6717feb87f4e9829467872c1741,LANG-1314,https://issues.apache.org/jira/browse/LANG-1314
469,0ba25aa97bf80e001645bcb1fb597c7f704b0f29,d43e1d01981d321b85a8ccae788da4d818548dbe,LANG-1314,https://issues.apache.org/jira/browse/LANG-1314
470,15dcb423cf0af2b52c0b5cc60d5f0bce85dcacdd,39a2a6fa38c5e4d1293e00f98a89698a962d6775,LANG-1314,https://issues.apache.org/jira/browse/LANG-1314
471,844cd4298e46027ba1201df4eceb2dcaa5c1bb26,f4ee399e31eb61741f5f2167d6af8f49c0e991b6,LANG-1269,https://issues.apache.org/jira/browse/LANG-1269
472,7ac12154b0c3854bda27a1a427eb9a25b1813a5d,1a20867d01ef8ee5b32b0620125b7c38a10b80c5,LANG-1310,https://issues.apache.org/jira/browse/LANG-1310
473,1a20867d01ef8ee5b32b0620125b7c38a10b80c5,5d6c176388e417869421adf2eb21ac5c291f0884,LANG-1310,https://issues.apache.org/jira/browse/LANG-1310
474,dfecbe970917754511a081f8b86efac211e624f6,fb4803623b8f089a8dfd265a68461f4283e7ffad,LANG-1312,https://issues.apache.org/jira/browse/LANG-1312
475,05e18cc5c18b820b6f57c1cb823ad2c7fe513581,7587431987258e94748d5f2fda1e6ca049a21600,LANG-1319,https://issues.apache.org/jira/browse/LANG-1319
476,7c19a1ff4c217f03c0be62baf1169d689f566825,9f2fe9bb80065fc249c61c897a0434e9ff48bbf6,LANG-1320,https://issues.apache.org/jira/browse/LANG-1320
477,551101299da7f75ea5478db1a6bc194963e0ac34,65b08c4f91a4e5d78eb645b46d06d7a46f8c62dd,LANG-1337,https://issues.apache.org/jira/browse/LANG-1337
478,309b34f0573d0ec593c17008e8ef4151dfc35a12,21bab1d3a0b48c37592686fed7e1b2025fbf78aa,LANG-1337,https://issues.apache.org/jira/browse/LANG-1337
479,05d9518038ae8d2ac9f11b91b731f47b909a9bad,cc94767e7eabdfcf9d1cab1d8d1d8556864394c6,LANG-1350,https://issues.apache.org/jira/browse/LANG-1350
480,d6ad3f01574b839670d4ea5cf82a601eee7e0c16,3e08af573f8b50da5202f55df62c925f88a47f3d,LANG-1349,https://issues.apache.org/jira/browse/LANG-1349
481,3e08af573f8b50da5202f55df62c925f88a47f3d,a2dce32cdab108e7e281dfc27dd0a394e1419ce1,LANG-1349,https://issues.apache.org/jira/browse/LANG-1349
482,a2dce32cdab108e7e281dfc27dd0a394e1419ce1,fdf05fa29babe21e64f9a5b268dc8406d449d4f1,LANG-1349,https://issues.apache.org/jira/browse/LANG-1349
483,36217ee164239391c672fdfc8f5bd080beab5c4b,cc6beb2d05347fba64d933906ae2b712b1a43302,LANG-1348,https://issues.apache.org/jira/browse/LANG-1348
484,cc6beb2d05347fba64d933906ae2b712b1a43302,00feb98f807cf44c993296052726043a90d70b7e,LANG-1348,https://issues.apache.org/jira/browse/LANG-1348
485,00feb98f807cf44c993296052726043a90d70b7e,44854912194177d67cdfa1dc765ba684eb013a4c,LANG-1357,https://issues.apache.org/jira/browse/LANG-1357
486,15d5503215a4cd1efc1ae6659d82194a22ebee9b,1dbfaeecbd104a6edae43fcd3350c06a7cb51146,LANG-1355,https://issues.apache.org/jira/browse/LANG-1355
487,1dbfaeecbd104a6edae43fcd3350c06a7cb51146,33a1f82a139a9072892fab77039e9234d205b5af,LANG-1355,https://issues.apache.org/jira/browse/LANG-1355
488,88654b79c92386b7c411f064cc373e7698a49449,6ea2fc8d38e035bafaa92c7d3b007be38c2e9000,LANG-1360,https://issues.apache.org/jira/browse/LANG-1360
489,125cfb4cab35daebe874a599877d6280b464212b,8e8e78d849825696237b9f540f3e082a44b1e838,LANG-1360,https://issues.apache.org/jira/browse/LANG-1360
490,8e8e78d849825696237b9f540f3e082a44b1e838,6f03c0ce11db4a270124b9bf93338d3db9fccf5c,LANG-1360,https://issues.apache.org/jira/browse/LANG-1360
491,6f03c0ce11db4a270124b9bf93338d3db9fccf5c,96a1a31d734e663af5c9bcda58c7bb5870e8a363,LANG-1360,https://issues.apache.org/jira/browse/LANG-1360
492,96a1a31d734e663af5c9bcda58c7bb5870e8a363,7aad59482002d0b4bc3546259d33eab20ce76b9e,LANG-1361,https://issues.apache.org/jira/browse/LANG-1361
493,7aad59482002d0b4bc3546259d33eab20ce76b9e,0e20d158200e35a893c734f3ba268a1f5d3c48d0,LANG-1361,https://issues.apache.org/jira/browse/LANG-1361
494,374c0fc1acf83ecc77c637ccda4218937eb9e06c,98581d3c41da2e92a505f47376a35f4329ac23eb,LANG-1362,https://issues.apache.org/jira/browse/LANG-1362
495,6049e77fdcd021544a60651fc6de4d80e2ef1c2d,7d061e33e59e23dc4b03378f35f50a7d70f033b3,LANG-1370,https://issues.apache.org/jira/browse/LANG-1370
496,7d061e33e59e23dc4b03378f35f50a7d70f033b3,dd2394323b441e7a22d3c85ce751b619918ee161,LANG-1370,https://issues.apache.org/jira/browse/LANG-1370
497,bfb43d3fe2eafa80f45fc59a5b742d192efa8e3c,d8ec011d770e1e04ef4f87fba673f3748f363278,LANG-1371,https://issues.apache.org/jira/browse/LANG-1371
498,d8ec011d770e1e04ef4f87fba673f3748f363278,4661422633e155b9d4d6dfdfdcf27826aa8aeb84,LANG-1371,https://issues.apache.org/jira/browse/LANG-1371
499,f5a9effebd7209f3fa5385f18a5e59e8a09122f2,c614fbcc79615f93d2c60a153db6e82d7474c425,LANG-1374,https://issues.apache.org/jira/browse/LANG-1374
500,c3b1fefbad0c67c8556ba6b4573f135197f87598,c8e61afdb89c58ea8ffaf04593da41ff0888d30e,LANG-1060,https://issues.apache.org/jira/browse/LANG-1060
501,c8e61afdb89c58ea8ffaf04593da41ff0888d30e,6684a76317a5ca4ddd823c0915757b48e705427f,LANG-1060,https://issues.apache.org/jira/browse/LANG-1060
502,3a4ac357981283fd3a8817f9e6d57e8b181549be,60412131f3679b720bcaaaf3dea4be666cefea7a,LANG-1364,https://issues.apache.org/jira/browse/LANG-1364
503,60412131f3679b720bcaaaf3dea4be666cefea7a,2ce40494073aa4e9bdcba4c39d24727b7141d227,LANG-1060,https://issues.apache.org/jira/browse/LANG-1060
504,0820c4c895f6e7c9ef4860d7373675550c87ac6c,cb686673a70a6f14c35575550c48c37d19a1598b,LANG-1384,https://issues.apache.org/jira/browse/LANG-1384
505,cb686673a70a6f14c35575550c48c37d19a1598b,50ce8c44e1601acffa39f5568f0fc140aade0564,LANG-1384,https://issues.apache.org/jira/browse/LANG-1384
506,9c886bd4a188c91301029040b3a839e4b8e2812d,8b62c114cfc5fd347bd8cb5a391fdfa8cb539435,LANG-1385,https://issues.apache.org/jira/browse/LANG-1385
507,b41e91818614c2f1ac8f5e745f8bed342e80e727,8e3ec1722bc5c70ea932b13ec1b564950c623e77,LANG-1391,https://issues.apache.org/jira/browse/LANG-1391
508,58a8f12b443d7cbc16ec00b8841138ee55ee6630,38cf0c68d577b46b506f75d896cbb5a4b186c6a6,LANG-1391,https://issues.apache.org/jira/browse/LANG-1391
509,362dd935f84ef80b13cced13a74339e42c775809,e7d16c27629722a93a9d36a0b5e0a3a793850544,LANG-1395,https://issues.apache.org/jira/browse/LANG-1395
510,e7d16c27629722a93a9d36a0b5e0a3a793850544,3fadfdd69f4682f05563ce53e55743f55813f488,LANG-1396,https://issues.apache.org/jira/browse/LANG-1396
511,bd4066eba88a772c06394d818d87aedca8bea53c,09ef69c5b51115300da6df43690cd455d83c8027,LANG-1397,https://issues.apache.org/jira/browse/LANG-1397
512,ae6a24dd439a7b778e35b484a3a6eae1a8eb64d7,f56931c176fef5e164b681c740746aebdccccec3,LANG-1380,https://issues.apache.org/jira/browse/LANG-1380
513,0db3d81c93cb5a8142709ab657af59a046c6f7f4,2cc524380830ba76a9a7e60e37d726e2aaf743a9,LANG-1401,https://issues.apache.org/jira/browse/LANG-1401
514,9801e2fb9fcbf7ddd19221e9342608940d778f8c,ae9b31285e798b571a31a16ced2fca7a37ab8287,LANG-1419,https://issues.apache.org/jira/browse/LANG-1419
515,233711f860bf1fd7a2ecfb478abe4d6c1b37dc87,d8fa78c70d51bfc0c9a6613e075dc5dc77dc6051,lang-3,https://issues.apache.org/jira/browse/LANG-3
516,7964c45a54347dcdcd9ea1640c62dac7b3d71809,89679976b8b05c14707725489122532fcd71e2ce,LANG-1450,https://issues.apache.org/jira/browse/LANG-1450
517,1d037da2a85c920af7ab8aa96fa7529d5b4584b7,add397b17730873e1f47a597e9c28b67f6cbaa95,LANG-1472,https://issues.apache.org/jira/browse/LANG-1472
518,b27f6d5c1c46c8b0f92c0f262b2989efae18c47e,51b32122f9d6c7e1557eb9f60d41e75131dc9ef5,LANG-1460,https://issues.apache.org/jira/browse/LANG-1460
519,51b32122f9d6c7e1557eb9f60d41e75131dc9ef5,3803405af77c4a723ceea6cebbf249618299bea7,LANG-1460,https://issues.apache.org/jira/browse/LANG-1460
520,92e7839659a4a9932a949ec7c66c1490209610b5,d20e4f53af58315f2d7d79c235c90b3e76717607,LANG-1476,https://issues.apache.org/jira/browse/LANG-1476
521,d20e4f53af58315f2d7d79c235c90b3e76717607,2402e66a8c7e635540f7b9f6b39b83b5c812469d,LANG-1476,https://issues.apache.org/jira/browse/LANG-1476
522,e610367507d69947c752cf2659162afbde4ec7e8,06aea7e74cfe4a1578cb76672f1562132090c205,LANG-1475,https://issues.apache.org/jira/browse/LANG-1475
523,2af6e9aa58558d38d9c134a3632b0e5b1dc38d90,d68e2e9125126938399175f424f06301f497b920,LANG-1406,https://issues.apache.org/jira/browse/LANG-1406
524,651c8f5c23fa59df2de73a7b100296b60a5ccdf8,e7c6c5b66b8802be082dd1daf1e0e34c975ad49e,LANG-1406,https://issues.apache.org/jira/browse/LANG-1406
525,43f8e31bf52da0b79bd497c46bad01a306cb739f,59231ca9c246d757b1a23e5a8c84cde10e8456a7,LANG-1453,https://issues.apache.org/jira/browse/LANG-1453
526,46b381eb4bd5b77b7322e73e7076957c2956860e,089b43a0a6de2d6ae49840aec3805aee2c309001,LANG-1426,https://issues.apache.org/jira/browse/LANG-1426
527,089b43a0a6de2d6ae49840aec3805aee2c309001,4f3d3b4318add50a7e45feab3005621773e7e4cb,LANG-1426,https://issues.apache.org/jira/browse/LANG-1426
528,84636da76941dc5b83a8bc3ac7baca5583eb48e9,23f18044d1cc750ce07a59662f636468e616d4d5,LANG-1480,https://issues.apache.org/jira/browse/LANG-1480
529,a32c188c32fd0c4a8149bcda524d704dd609da6e,bedae6950d43008929d9cd109c9e8fb163793bd7,LANG-1480,https://issues.apache.org/jira/browse/LANG-1480
530,bedae6950d43008929d9cd109c9e8fb163793bd7,f3ad91ca383a8c0dd8d8f69d6276f2558ad7c924,LANG-1480,https://issues.apache.org/jira/browse/LANG-1480
531,24e64686834ecd4a0dda80c91b53b15e227fc898,d0b95be2819469371c0276df80e54b088a9b7cad,LANG-1463,https://issues.apache.org/jira/browse/LANG-1463
532,49e9754b6cb5bc3a8787ca1e2e74e736e8e9c082,1163e177137f5c57ce80092c0743209b28d33400,LANG-1463,https://issues.apache.org/jira/browse/LANG-1463
533,bc8a3b9d8428bfcdfbce67e9010cf0aa27e6c8a6,f25b44b25ff966fe9fff18f489fd9087eb3ae291,LANG-1500,https://issues.apache.org/jira/browse/LANG-1500
534,1dabf262c90d76958175e98f7ac9d0189fd7fbf2,404d67841ecba0d2a5e8055fe5650907d582ac03,LANG-1501,https://issues.apache.org/jira/browse/LANG-1501
535,742eb8982bbe271d2b84f08798092f43dbea46a9,936dd601b777454e45df38fcc117e623b21d3e5c,LANG-1480,https://issues.apache.org/jira/browse/LANG-1480
536,cb674720a99a4701ac63af9720a62d7ca40cb7ff,23931d528e829e7f76235b9df0ec03a9d4e93fca,LANG-1480,https://issues.apache.org/jira/browse/LANG-1480
537,a606a0328ba4b3061c5bc810a31418fa4251ea16,4b11c764e5bfa1fd2e3b85247c0384c66b515489,LANG-1514,https://issues.apache.org/jira/browse/LANG-1514
538,4b11c764e5bfa1fd2e3b85247c0384c66b515489,cb0f461237cc9a6fe7082b4a88578cf02a5362f2,LANG-1514,https://issues.apache.org/jira/browse/LANG-1514
539,d3112e4306ef1008673f0e8f0f087bdf273bed0b,553a0474ea11a9b61a8de618a3512f29f5a17368,LANG-1433,https://issues.apache.org/jira/browse/LANG-1433
540,553a0474ea11a9b61a8de618a3512f29f5a17368,a3edc1b6a6e25e3432b7cdb518219af16a45d55e,LANG-1433,https://issues.apache.org/jira/browse/LANG-1433
541,eb8d069089364e396e37ed5273cf7710e41eb06d,f4c2ed4995d19c595ec0bf5c49d210df9046fda9,LANG-1518,https://issues.apache.org/jira/browse/LANG-1518
542,f4c2ed4995d19c595ec0bf5c49d210df9046fda9,b8499c108e5665a87248f2dfa6d8c8c459681748,LANG-1518,https://issues.apache.org/jira/browse/LANG-1518
543,c0d0d4f3ea898398d1bac7316084ef03b8de6433,2c7e5e4b29c80d5475e971232458d3481bbe7136,LANG-1545,https://issues.apache.org/jira/browse/LANG-1545
544,2c7e5e4b29c80d5475e971232458d3481bbe7136,71ee021ca5fa4ca5a6f414c05666aedc79bde78d,LANG-1545,https://issues.apache.org/jira/browse/LANG-1545
545,995dba307c9dd9e27dd602c3e1d5250c7d556643,d62d4e21ef20ee01e65cbf5257e04d6b572aa73b,LANG-1528,https://issues.apache.org/jira/browse/LANG-1528
546,d62d4e21ef20ee01e65cbf5257e04d6b572aa73b,553a3a75dfafbf50d7efd8d6e88da71a637a2aa7,LANG-1528,https://issues.apache.org/jira/browse/LANG-1528
547,438716a839ff94ef72f7e261e7fb1114e482cb39,0c42c0c192ed77786bf0e2f9596acb2640ac5401,LANG-1546,https://issues.apache.org/jira/browse/LANG-1546
548,0c42c0c192ed77786bf0e2f9596acb2640ac5401,79adb9f677e8079a2160bfbd096521468bcf8e3a,LANG-1546,https://issues.apache.org/jira/browse/LANG-1546
549,dc54284ee75435773dc37022d3759c582743c189,f070987f5d81f07662bd3430c59728d240ff18f8,LANG-1567,https://issues.apache.org/jira/browse/LANG-1567
550,deb5f817af5a310512660d0b9f5fcf1d55f088a5,1dddec8ba867bc31233ba194f0753ea35818cbfd,LANG-1542,https://issues.apache.org/jira/browse/LANG-1542
551,062bc6fe7d48d4eb4cdf3abec09e7547a0a9aed7,4063df71c300b399fac4b2dced18ec0beb4556f7,LANG-1543,https://issues.apache.org/jira/browse/LANG-1543
552,4063df71c300b399fac4b2dced18ec0beb4556f7,5e71a4add54e626975a3bd797b0a618ae51a084d,LANG-1543,https://issues.apache.org/jira/browse/LANG-1543
553,5e71a4add54e626975a3bd797b0a618ae51a084d,f89a85b051c6e81bb4dafe12414f105ea69ef413,LANG-1543,https://issues.apache.org/jira/browse/LANG-1543
554,4e9460413a01846265831129eae856cb75ba9edb,ba7505d9a91be02088e1309f172f3dc55823c9c0,LANG-1592,https://issues.apache.org/jira/browse/LANG-1592
555,600f0c8a1d9f4b1884cafb7cf6f0e43da1742fe9,6996806101b69a87ffcfc4fa9237c075105d722f,LANG-1596,https://issues.apache.org/jira/browse/LANG-1596
556,6996806101b69a87ffcfc4fa9237c075105d722f,348cf477411421809e7f89dfaa4338e96236a9cf,LANG-1596,https://issues.apache.org/jira/browse/LANG-1596
557,47f96a3c95fa24c42ad842f49768f6c9529430fe,772f97c4378613d241ecacc2076fdda20d59e982,LANG-1600,https://issues.apache.org/jira/browse/LANG-1600
558,772f97c4378613d241ecacc2076fdda20d59e982,81efeaacadbdb541715edf13751df791c3892fb5,LANG-1600,https://issues.apache.org/jira/browse/LANG-1600
559,0054e51500f1f39135bd691a7d80a76f32a9f3fb,38a9209456be83a4ec65e7c69993ddb8748145be,LANG-1606,https://issues.apache.org/jira/browse/LANG-1606
560,8ff63a0da3a82c8aae303f9c28184240196cda00,206a8f1f4456f3042f0858a48f9cf9c6cab62a70,LANG-1608,https://issues.apache.org/jira/browse/LANG-1608
561,206a8f1f4456f3042f0858a48f9cf9c6cab62a70,43c80576cfe661b6f832ec7db51ab0077711f0ed,LANG-1608,https://issues.apache.org/jira/browse/LANG-1608
562,09c662429ba43ccadb1f16cfae82b23458ec5c1d,4cf3dc8c8f4ab9c353de64e79c4de113eec93473,LANG-1613,https://issues.apache.org/jira/browse/LANG-1613
563,4cf3dc8c8f4ab9c353de64e79c4de113eec93473,0e2ebd347c4a4afd6c4cf539678d2a23d3df9570,LANG-1541,https://issues.apache.org/jira/browse/LANG-1541
564,e123bab1989576ce29a5503e6f3e95e8c06fdb3c,35799d095886243ad32f46c81a77f85743d5fb05,LANG-1420,https://issues.apache.org/jira/browse/LANG-1420
565,3bda8be03638b5248df2252832388775601692ff,08d1f6623678e8cd0b37a9d2d721b95545bcc151,LANG-1612,https://issues.apache.org/jira/browse/LANG-1612
566,08d1f6623678e8cd0b37a9d2d721b95545bcc151,2ccc58e34472cbc0c4b9163bbd7f6b22dfda0089,LANG-1615,https://issues.apache.org/jira/browse/LANG-1615
567,2ccc58e34472cbc0c4b9163bbd7f6b22dfda0089,61e82e832e31037810cec0c526ecd83fbeb62227,LANG-1615,https://issues.apache.org/jira/browse/LANG-1615
568,bd8dbbe0be26cc687d67a7aafe54936ef6285da3,c6f577555b2e789791fbf3c0aec9e59a2666b2e8,LANG-1610,https://issues.apache.org/jira/browse/LANG-1610
569,c6f577555b2e789791fbf3c0aec9e59a2666b2e8,412f1e13c93e4eb52b0cc9c07b7a0452ce3bd31f,LANG-1610,https://issues.apache.org/jira/browse/LANG-1610
570,55570e8ef7fe5eedc91d0eaa81f306401fafd5c3,123606371b04a45868f38601d0c31316e0419303,LANG-1628,https://issues.apache.org/jira/browse/LANG-1628
571,123606371b04a45868f38601d0c31316e0419303,e0de3be47c58eb9bd7816963770e785d989f2bfc,LANG-1628,https://issues.apache.org/jira/browse/LANG-1628
572,d704c0dc70a2f861c043785822854b4a0605ac6b,1f2003041b37834ac9fbf78659c19372650ab355,LANG-1629,https://issues.apache.org/jira/browse/LANG-1629
573,f22dbf039994cba8248698ae1c2a9d8111ebf717,fb6a7e7788b976dc53f6b2ff1e0bdb9f467d4987,LANG-1544,https://issues.apache.org/jira/browse/LANG-1544
574,fb6a7e7788b976dc53f6b2ff1e0bdb9f467d4987,2d97e0daf82f72b8241d26cf6cff36757b240167,LANG-1544,https://issues.apache.org/jira/browse/LANG-1544
575,2d97e0daf82f72b8241d26cf6cff36757b240167,ad69874a7876adfe116dc1250e121b49a3c35a69,LANG-1544,https://issues.apache.org/jira/browse/LANG-1544
576,45bec219d2e039e85e71711e01d4543a85c1756b,9fa1d734f66f1ad236cafea54bfcc94a1ba8fd1a,LANG-1631,https://issues.apache.org/jira/browse/LANG-1631
577,2a8356cd433ccbe3338c823ad7c61b6f895cccf2,63f644daa847e193d9f70791ef2337816f6409a6,LANG-1637,https://issues.apache.org/jira/browse/LANG-1637
578,63f644daa847e193d9f70791ef2337816f6409a6,41564884dfb874c15260fe1f82d3616afd82bf11,LANG-1637,https://issues.apache.org/jira/browse/LANG-1637
579,615410d3fd90f91f422f0f0037b7d64df2cac36c,dde6790a88d8a2ec438568a4513d7d359d3602cc,LANG-1645,https://issues.apache.org/jira/browse/LANG-1645
580,0cfc31b98778767cb2f8db93bc2f488abe058e2e,a2b2b35ac3b969686c647e57f5ca3bacc63f2c56,LANG-1646,https://issues.apache.org/jira/browse/LANG-1646
